"Site_ID.x","ID","Monitoring","Monitoring_ID","Monitoring_ID.","Lake","Site","LID","Lat","Lon","Site_size","DHT","Date_Time","Weather","Lake_water_clarity_m","Sediment_sample","Macrophyte_sample","Notes","Distance_5m","Distance_20m","Distance_deep_20m","Calculated_slope","Total_ weight_reef","Site_ID.y","Shear_stress","Bottom_visible","Water_clarity","Depth_10m","Slope","Riparian_vegetation","Riparian_species","Overhanging_trees","Erosion","Sructure","Bedrock","Boulders","Cobble","Gravel","Sand","Mud","Organic_matter","Rock_size","Temperature","DO_mgl","DO_percent","Conductivity","Specific_conductivity","pH","Vegetation_nearby","Vegetation_species","Wood_cover","Other","pH1","Reef_shape.1","Distance_to_shore.1","Length.1","Width.1","Area.1","Weight.1","Depth_on_R.1","Depth_on_L.1","Hight_above.1","Depth_after.1","Volume.1","Sedimentation.1","Accumulation_of_weeds.1","Reef_shape.2","Distance_to_shore.2","Length.2","Width.2","Area.2","Weight.2","Depth_on_R.2","Depth_on_L.2","Hight_above.2","Depth_after.2","Volume.2","Sedimentation.2","Accumulation_of_weeds.2","Reef_shape.3","Distance_to_shore.3","Length.3","Width.3","Area.3","Weight.3","Depth_on_R.3","Depth_on_L.3","Hight_above.3","Depth_after.3","Volume.3","Sedimentation.3","Accumulation_of_weeds.3","Emergent_Native","Emergent_Non_Native","Submerged_Non_Native","Turf_Native","Total_Individuals_Bullies","Total_Individuals_Common_smelt","Total_Individuals_Goldfish","Total_Individuals_Kōaro","Total_Individuals_Kōura","Total_Individuals_Trout","Total_Individuals_Catfish","Total_Individuals_Eel","Total_Individuals_Mosquitofish","Weighted_CPUE_Bullies","Weighted_CPUE_Common_smelt","Weighted_CPUE_Goldfish","Weighted_CPUE_Kōaro","Weighted_CPUE_Kōura","Weighted_CPUE_Trout","Weighted_CPUE_Catfish","Weighted_CPUE_Eel","Weighted_CPUE_Mosquitofish","Weighted_BCUE_Bullies","Weighted_BCUE_Common_smelt","Weighted_BCUE_Goldfish","Weighted_BCUE_Kōaro","Weighted_BCUE_Kōura","Weighted_BCUE_Trout","Weighted_BCUE_Catfish","Weighted_BCUE_Eel","Weighted_BCUE_Mosquitofish","Total_Weight_Bullies","Total_Weight_Common_smelt","Total_Weight_Goldfish","Total_Weight_Kōaro","Total_Weight_Kōura","Total_Weight_Trout","Total_Weight_Catfish","Total_Weight_Eel","Total_Weight_Mosquitofish","Mean_Length_Bullies","Mean_Length_Common_smelt","Mean_Length_Goldfish","Mean_Length_Kōaro","Mean_Length_Kōura","Mean_Length_Trout","Mean_Length_Catfish","Mean_Length_Eel","Mean_Length_Mosquitofish","Mean_Weight_Bullies","Mean_Weight_Common_smelt","Mean_Weight_Goldfish","Mean_Weight_Kōaro","Mean_Weight_Kōura","Mean_Weight_Trout","Mean_Weight_Catfish","Mean_Weight_Eel","Mean_Weight_Mosquitofish","Weighted_CPUE_numerator_Bullies","Weighted_CPUE_numerator_Common_smelt","Weighted_CPUE_numerator_Goldfish","Weighted_CPUE_numerator_Kōaro","Weighted_CPUE_numerator_Kōura","Weighted_CPUE_numerator_Trout","Weighted_CPUE_numerator_Catfish","Weighted_CPUE_numerator_Eel","Weighted_CPUE_numerator_Mosquitofish","Weighted_BCUE_numerator_Bullies","Weighted_BCUE_numerator_Common_smelt","Weighted_BCUE_numerator_Goldfish","Weighted_BCUE_numerator_Kōaro","Weighted_BCUE_numerator_Kōura","Weighted_BCUE_numerator_Trout","Weighted_BCUE_numerator_Catfish","Weighted_BCUE_numerator_Eel","Weighted_BCUE_numerator_Mosquitofish","Total_Effort_sum_Bullies","Total_Effort_sum_Common_smelt","Total_Effort_sum_Goldfish","Total_Effort_sum_Kōaro","Total_Effort_sum_Kōura","Total_Effort_sum_Trout","Total_Effort_sum_Catfish","Total_Effort_sum_Eel","Total_Effort_sum_Mosquitofish","Min_Length_Bullies","Min_Length_Common_smelt","Min_Length_Goldfish","Min_Length_Kōaro","Min_Length_Kōura","Min_Length_Trout","Min_Length_Catfish","Min_Length_Eel","Min_Length_Mosquitofish","Max_Length_Bullies","Max_Length_Common_smelt","Max_Length_Goldfish","Max_Length_Kōaro","Max_Length_Kōura","Max_Length_Trout","Max_Length_Catfish","Max_Length_Eel","Max_Length_Mosquitofish","Min_Weight_Bullies","Min_Weight_Common_smelt","Min_Weight_Goldfish","Min_Weight_Kōaro","Min_Weight_Kōura","Min_Weight_Trout","Min_Weight_Catfish","Min_Weight_Eel","Min_Weight_Mosquitofish","Max_Weight_Bullies","Max_Weight_Common_smelt","Max_Weight_Goldfish","Max_Weight_Kōaro","Max_Weight_Kōura","Max_Weight_Trout","Max_Weight_Catfish","Max_Weight_Eel","Max_Weight_Mosquitofish","Richness","Abundance","Presence_Bullies","Presence_Eel","Presence_Goldfish","Presence_Common_smelt","Presence_Kōaro","Presence_Kōura","Presence_Mosquitofish","Presence_Catfish","Presence_Trout","Predator_Fish_Presence","Dragonfly larvae Small","Caddisfly larvae","diving beatle","Invertebrates_Richness","Invertebrates_Abundance","Presence_rocks","Slope_5m","Site_ID_","Monitoring_ID_","Date","Time","Year","Month","Day","Season","Date_Time_Numeric","Monitoring_label","Habitat_Type","Substrate_index"
3,1,"0","3_0","1_0","Rotoiti","Reef",54730,-38.0526673079263,176.47144524762,150,"Rocky",2025-02-04 03:00:00,"Sunny",3.5,1,1,NA,82.9889020904982,164.450019734722,163.768266763249,0.122123781336179,3040,3,NA,1,NA,0.9,0.09,0,NA,10,100,0,0,30,30,10,30,0,0,NA,26,11.89,146.5,159.5,156.219392752204,8.12,0,NA,0,NA,NA,"Round","1600","2500","2200","5.5","1013.3333333333334","420","450","170","580","1.1733333333333336","295","0","Round","2100","2400","2200","5.28","1013.3333333333334","480","440","120","570","1.2056","295.75","0","Round","3000","2400","2500","6","1013.3333333333334","530","500","190","620","1.46","383.25","0",0,0,0,0,2,19,6,4,2,0,0,1,0,0.5,4.75,1.5,1,0.5,0,0,0.25,0,755.25,6.25,54.75,5.25,12.25,0,0,0,0,3021,25,219,21,49,NA,NA,0,NA,NA,NA,117,77,30.85,NA,NA,600,NA,377.625,25,36.5,5.25,24.5,NA,NA,NA,NA,2,19,6,4,2,NA,NA,1,NA,3021,25,219,21,49,NA,NA,0,NA,4,4,4,4,4,NA,NA,4,NA,NA,NA,80,73,21.7,NA,NA,600,NA,NA,NA,204,85,40,NA,NA,600,NA,45,25,6,3,5,NA,NA,NA,NA,574,25,60,6,44,NA,NA,NA,NA,6,13,1,1,1,1,1,1,0,0,0,1,NA,NA,NA,NA,NA,1,0.0602490197369712,1,"1_0",2025-02-04,"03:00:00",2025,"Feb",4,"Summer",1738638000,"0 Pre/Summer","Rocky",5.2
4,2,"0","4_0","2_0","Rotoiti","Control",54730,-38.0529135570371,176.470933127575,150,"Rocky",2025-02-04 03:30:00,"Sunny",3.5,1,1,"New rocks as retainig wall/ dead swan in site",105.445519540936,180.302636624781,179.82545515734,0.111218959420961,NA,4,NA,1,NA,0.2,0.02,70,"Flax",0,0,0,0,20,20,0,60,0,0,NA,25.8,11.54,141.7,159.1,156.47128245476,9.08,0,NA,0,NA,NA,NA,NA,NA,NA,NA,NA,NA,NA,NA,NA,NA,NA,NA,NA,NA,NA,NA,NA,NA,NA,NA,NA,NA,NA,NA,NA,NA,NA,NA,NA,NA,NA,NA,NA,NA,NA,NA,NA,NA,0,0,0,0,2,14,3,7,2,0,0,0,0,0.5,3.5,0.75,1.75,0.5,0,0,0,0,515.25,2.75,20.25,8.75,7.25,0,0,0,0,2061,11,81,35,29,NA,NA,NA,NA,NA,NA,101,97,22.305,NA,NA,NA,NA,412.2,11,27,5.83333333333333,14.5,NA,NA,NA,NA,2,14,3,7,2,NA,NA,NA,NA,2061,11,81,35,29,NA,NA,NA,NA,4,4,4,4,4,NA,NA,NA,NA,NA,NA,91,78,12.13,NA,NA,NA,NA,NA,NA,112,175,32.48,NA,NA,NA,NA,222,11,22,4,1,NA,NA,NA,NA,527,11,33,8,28,NA,NA,NA,NA,5,12,1,0,1,1,1,1,0,0,0,0,2,0,0,1,2,1,0.047417851623927,2,"2_0",2025-02-04,"03:30:00",2025,"Feb",4,"Summer",1738639800,"0 Pre/Summer","Rocky",4.4
5,3,"0","5_0","3_0","Rotoiti","Reef",54730,-38.047698100528,176.341122568488,150,"Sandy",2025-02-04 12:50:00,"Sunny",3,1,1,"nets collepes first time",75.1030427476967,1429.22107248619,1427.76371668429,0.0140079200544795,1980,5,NA,1,NA,0.4,0.04,100,"grass",0,0,0,0,0,0,0,100,0,0,NA,25.2,10.87,132.2,170.8,170.085640310695,8.82,1,"Three-leaved milfoil",0,NA,NA,"Round","4700","2200","1900","4.18","660","360","345","85","365","0.68621666666666659","360","2","Round","5700","1500","1600","2.4","660","360","365","75","390","0.41599999999999998","343","0","Round","4200","1900","2000","3.8","660","330","330","75","380","0.61116666666666675","318.5","0",0,0,0,0,107,0,2,0,0,0,0,0,1,26.75,0,0.5,0,0,0,0,0,0.25,1074.5,0,92.5,0,0,0,0,0,0,4298,NA,370,NA,NA,NA,NA,NA,0,NA,NA,182.5,NA,NA,NA,NA,NA,NA,429.8,NA,185,NA,NA,NA,NA,NA,NA,107,NA,2,NA,NA,NA,NA,NA,1,4298,NA,370,NA,NA,NA,NA,NA,0,4,NA,4,NA,NA,NA,NA,NA,4,NA,NA,145,NA,NA,NA,NA,NA,NA,NA,NA,220,NA,NA,NA,NA,NA,NA,44,NA,86,NA,NA,NA,NA,NA,NA,589,NA,284,NA,NA,NA,NA,NA,NA,3,3,1,0,1,0,0,0,1,0,0,0,1,0,0,1,1,0,0.0665751987811884,3,"3_0",2025-02-04,"12:50:00",2025,"Feb",4,"Summer",1738673400,"0 Pre/Summer","Sandy",3
6,4,"0","6_0","4_0","Rotoiti","Control",54730,-38.0480187161085,176.341484639114,150,"Sandy",2025-02-04 12:30:00,"Sunny",3,1,1,"nets collepes first time",73.1064213892519,1435.7027457702,1433.76093577721,0.0139493269072493,NA,6,NA,1,NA,0.5,0.05,80,"grass+flax",5,0,0,0,0,0,0,100,0,0,NA,25.6,10.24,125.4,170.9,168.773454473632,8.51,1,"Three-leaved milfoil",0,NA,NA,NA,NA,NA,NA,NA,NA,NA,NA,NA,NA,NA,NA,NA,NA,NA,NA,NA,NA,NA,NA,NA,NA,NA,NA,NA,NA,NA,NA,NA,NA,NA,NA,NA,NA,NA,NA,NA,NA,NA,0,0,0,0,105,1,1,0,0,0,0,0,0,26.25,0.25,0.25,0,0,0,0,0,0,551.75,0,0.25,0,0,0,0,0,0,2207,0,1,NA,NA,NA,NA,NA,NA,NA,NA,24,NA,NA,NA,NA,NA,NA,140.5625,NA,1,NA,NA,NA,NA,NA,NA,105,1,1,NA,NA,NA,NA,NA,NA,2207,0,1,NA,NA,NA,NA,NA,NA,4,4,4,NA,NA,NA,NA,NA,NA,NA,NA,24,NA,NA,NA,NA,NA,NA,NA,NA,24,NA,NA,NA,NA,NA,NA,6,NA,1,NA,NA,NA,NA,NA,NA,581,NA,1,NA,NA,NA,NA,NA,NA,3,1,1,0,1,1,0,0,0,0,0,0,12,0,0,1,12,0,0.0683934448572954,4,"4_0",2025-02-04,"12:30:00",2025,"Feb",4,"Summer",1738672200,"0 Pre/Summer","Sandy",3
7,5,"0","7_0","5_0","Rotoiti","Reef",54730,-38.0222760864304,176.348643537609,150,"Sandy",2025-02-04 11:30:00,"Sunny",3,1,1,NA,267.55142706579,1689.68543182272,1687.01869857311,0.0118552331500037,3700,7,NA,1,NA,0.6,0.06,10,"Small trees",0,0,1,0,0,0,0,70,30,0,NA,24.2,9.25,110.4,172,174.938974776241,8.12,0,NA,0,NA,NA,"Round","3500","2300","1700","3.91","1233.3333333333333","450","430","135","420","0.7591916666666666","370.5","10","Round","3500","2300","1900","4.37","1233.3333333333333","500","490","230","505","0.92134166666666673","342.5","5","Round","3440","2300","1800","4.1399999999999997","1233.3333333333333","455","480","175","500","0.86939999999999995","346.75","0",0,30,10,0,109,1,5,0,2,0,1,0,0,27.25,0.25,1.25,0,0.5,0,0.25,0,0,545.5,0,88,0,27.5,0,0.75,0,0,2182,0,352,NA,110,NA,3,NA,NA,NA,NA,137.2,NA,44.055,NA,59,NA,NA,184.333333333333,NA,88,NA,55,NA,3,NA,NA,109,1,5,NA,2,NA,1,NA,NA,2182,0,352,NA,110,NA,3,NA,NA,4,4,4,NA,4,NA,4,NA,NA,NA,NA,86,NA,41.11,NA,59,NA,NA,NA,NA,185,NA,47,NA,59,NA,NA,6,NA,51,NA,44,NA,3,NA,NA,565,NA,154,NA,66,NA,3,NA,NA,5,8,1,0,1,1,0,1,0,1,0,1,NA,NA,NA,NA,NA,0,0.018687996004486,5,"5_0",2025-02-04,"11:30:00",2025,"Feb",4,"Summer",1738668600,"0 Pre/Summer","Sandy",2.4
8,6,"0","8_0","6_0","Rotoiti","Control",54730,-38.0218725085535,176.348304238168,150,"Sandy",2025-02-04 11:00:00,"Sunny",3,1,1,NA,220.524873221001,1741.06263130931,1738.07490007139,0.0115069839620712,NA,8,NA,1,NA,0.6,0.06,0,NA,0,0,1,0,0,0,0,100,0,0,NA,24.1,8.65,103,172.1,175.415350117215,8.11,1,"Hornwort",0,NA,NA,NA,NA,NA,NA,NA,NA,NA,NA,NA,NA,NA,NA,NA,NA,NA,NA,NA,NA,NA,NA,NA,NA,NA,NA,NA,NA,NA,NA,NA,NA,NA,NA,NA,NA,NA,NA,NA,NA,NA,10,0,0,0,119,0,4,0,0,0,2,1,0,29.75,0,1,0,0,0,0.5,0.25,0,1190.75,0,121,0,0,0,123,0,0,4763,NA,484,NA,NA,NA,492,0,NA,NA,NA,164.75,NA,NA,NA,214.5,550,NA,229.681818181818,NA,121,NA,NA,NA,246,NA,NA,119,NA,4,NA,NA,NA,2,1,NA,4763,NA,484,NA,NA,NA,492,0,NA,4,NA,4,NA,NA,NA,4,4,NA,NA,NA,136,NA,NA,NA,104,550,NA,NA,NA,210,NA,NA,NA,325,550,NA,29,NA,66,NA,NA,NA,15,NA,NA,587,NA,219,NA,NA,NA,477,NA,NA,4,7,1,1,1,0,0,0,0,1,0,1,NA,NA,NA,NA,NA,0,0.022673179342401,6,"6_0",2025-02-04,"11:00:00",2025,"Feb",4,"Summer",1738666800,"0 Pre/Summer","Sandy",3
9,7,"0","9_0","7_0","Rotoiti","Reef",54730,-38.0400700989088,176.368333417899,150,"Sandy",2025-02-04 02:30:00,"Sunny",3,1,1,NA,130.678248479696,334.104864132139,332.37012426407,0.0601738800810806,1920,9,NA,1,NA,0.5,0.05,100,"Grass",0,0,0,0,0,0,0,100,0,0,NA,26.6,8.37,103.9,330.6,319.852941176471,3.69,0,NA,0,NA,NA,"Round","3900","1700","1500","2.5499999999999998","640","470","490","200","500","0.53549999999999998","422.5","0","Round","4200","2000","1700","3.4","640","420","460","160","410","0.64033333333333342","401.25","0","Round","4400","2000","1800","3.6","640","450","480","190","490","0.73799999999999999","368.25","0",0,0,5,40,6,16,11,0,0,0,0,0,0,1.5,4,2.75,0,0,0,0,0,0,701.25,3.5,569.25,0,0,0,0,0,0,2805,14,2277,NA,NA,NA,NA,NA,NA,NA,NA,196.181818181818,NA,NA,NA,NA,NA,NA,235.833333333333,14,207,NA,NA,NA,NA,NA,NA,6,16,11,NA,NA,NA,NA,NA,NA,2805,14,2277,NA,NA,NA,NA,NA,NA,4,4,4,NA,NA,NA,NA,NA,NA,NA,NA,149,NA,NA,NA,NA,NA,NA,NA,NA,249,NA,NA,NA,NA,NA,NA,5,14,93,NA,NA,NA,NA,NA,NA,610,14,373,NA,NA,NA,NA,NA,NA,3,11,1,0,1,1,0,0,0,0,0,0,9,0,0,1,9,0,0.0382619147269706,7,"7_0",2025-02-04,"02:30:00",2025,"Feb",4,"Summer",1738636200,"0 Pre/Summer","Sandy",3
10,8,"0","10_0","8_0","Rotoiti","Control",54730,-38.0399884269911,176.367640974845,150,"Sandy",2025-02-04 02:00:00,"Sunny",3,1,1,NA,69.5081840126718,381.61439291614,380.359464057203,0.0525818387339829,NA,10,NA,1,NA,0.5,0.05,30,"Grass",0,0,0,0,0,0,0,100,0,0,NA,25.9,8.38,103.3,346,339.581902051232,3.72,0,NA,0,NA,"7.42",NA,NA,NA,NA,NA,NA,NA,NA,NA,NA,NA,NA,NA,NA,NA,NA,NA,NA,NA,NA,NA,NA,NA,NA,NA,NA,NA,NA,NA,NA,NA,NA,NA,NA,NA,NA,NA,NA,NA,0,0,10,10,4,18,4,1,0,0,0,0,0,1,4.5,1,0.25,0,0,0,0,0,747,2.75,84.25,1,0,0,0,0,0,2988,11,337,4,NA,NA,NA,NA,NA,NA,NA,118,75,NA,NA,NA,NA,NA,373.5,11,84.25,4,NA,NA,NA,NA,NA,4,18,4,1,NA,NA,NA,NA,NA,2988,11,337,4,NA,NA,NA,NA,NA,4,4,4,4,NA,NA,NA,NA,NA,NA,NA,55,75,NA,NA,NA,NA,NA,NA,NA,200,75,NA,NA,NA,NA,NA,44,11,20,4,NA,NA,NA,NA,NA,537,11,200,4,NA,NA,NA,NA,NA,4,5,1,0,1,1,1,0,0,0,0,0,11,0,0,1,11,0,0.0719339754163116,8,"8_0",2025-02-04,"02:00:00",2025,"Feb",4,"Summer",1738634400,"0 Pre/Summer","Sandy",3
11,9,"0","11_0","9_0","Rotoiti","Reef",54730,-38.0149838,176.4133799,150,"Sandy",2025-02-04 09:45:00,"Sunny",3.5,1,1,NA,168.339491020125,259.826404337621,256.267203593034,0.0780435409587606,3010,11,NA,1,NA,0.85,0.085,0,NA,0,0,0,0,5,0,15,80,0,0,NA,21.7,8.87,101,145.3,156.119050177286,8.74,0,NA,3,NA,NA,"Round","6400","1800","2000","3.6","1003.3333333333334","630","615","280","715","1.008","405.25","0","Round","6700","2500","2100","5.25","1003.3333333333334","740","700","340","770","1.63625","441.5","0","Round","6600","2200","1600","3.52","1003.3333333333334","740","750","350","780","1.1264000000000001","400.75","0",0,0,0,10,118,4,3,2,0,0,0,0,0,29.5,1,0.75,0.5,0,0,0,0,0,670,0.5,111.75,5.75,0,0,0,0,0,2680,2,447,23,NA,NA,NA,NA,NA,NA,NA,181,111.5,NA,NA,NA,NA,NA,229.166666666667,2,149,11.5,NA,NA,NA,NA,NA,118,4,3,2,NA,NA,NA,NA,NA,2680,2,447,23,NA,NA,NA,NA,NA,4,4,4,4,NA,NA,NA,NA,NA,NA,NA,140,107,NA,NA,NA,NA,NA,NA,NA,207,116,NA,NA,NA,NA,NA,14,2,59,8,NA,NA,NA,NA,NA,600,2,204,15,NA,NA,NA,NA,NA,4,5,1,0,1,1,1,0,0,0,0,0,5,0,0,1,5,1,0.029701883792688,9,"9_0",2025-02-04,"09:45:00",2025,"Feb",4,"Summer",1738662300,"0 Pre/Summer","Sandy",3.35
12,10,"0","12_0","10_0","Rotoiti","Control",54730,-38.0149894250948,176.414205051426,150,"Rocky",2025-02-04 10:20:00,"Sunny",3.5,1,1,NA,138.622117701376,221.365381729161,219.146731835821,0.0912630539020928,NA,12,NA,1,NA,0.8,0.08,20,"Flax",0,0,0,0,0,50,50,0,0,0,NA,22.5,9.34,107.9,150.4,158.733509234828,8.65,0,NA,0,NA,NA,NA,NA,NA,NA,NA,NA,NA,NA,NA,NA,NA,NA,NA,NA,NA,NA,NA,NA,NA,NA,NA,NA,NA,NA,NA,NA,NA,NA,NA,NA,NA,NA,NA,NA,NA,NA,NA,NA,NA,0,0,0,0,35,7,5,0,1,0,0,0,0,8.75,1.75,1.25,0,0.25,0,0,0,0,611.75,1.75,40.75,0,6.75,0,0,0,0,2447,7,163,NA,27,NA,NA,NA,NA,NA,NA,105.2,NA,33.56,NA,NA,NA,NA,256.3,7,32.6,NA,27,NA,NA,NA,NA,35,7,5,NA,1,NA,NA,NA,NA,2447,7,163,NA,27,NA,NA,NA,NA,4,4,4,NA,4,NA,NA,NA,NA,NA,NA,86,NA,33.56,NA,NA,NA,NA,NA,NA,131,NA,33.56,NA,NA,NA,NA,29,7,15,NA,27,NA,NA,NA,NA,555,7,59,NA,27,NA,NA,NA,NA,4,6,1,0,1,1,0,1,0,0,0,0,11,0,0,1,11,1,0.0360692801618509,10,"10_0",2025-02-04,"10:20:00",2025,"Feb",4,"Summer",1738664400,"0 Pre/Summer","Rocky",5
13,11,"0","13_0","11_0","Rotoiti","Reference",54730,-38.0276056022708,176.40494378912,150,"Rocky",2025-02-06 14:46:00,"Sunny",3.5,1,1,"Right, Cliff as shore",38.942244562325,121.850769016352,119.249019758657,0.167716263332622,NA,13,NA,1,NA,0.9,0.09,0,"0",0,0,0,0,90,0,0,10,0,0,NA,24.4,11.18,133.9,156.9,158.902167308082,9.18,0,NA,0,NA,NA,NA,NA,NA,NA,NA,NA,NA,NA,NA,NA,NA,NA,NA,NA,NA,NA,NA,NA,NA,NA,NA,NA,NA,NA,NA,NA,NA,NA,NA,NA,NA,NA,NA,NA,NA,NA,NA,NA,NA,0,0,0,0,22,50,11,0,0,0,1,0,0,5.5,12.5,2.75,0,0,0,0.25,0,0,370,14.25,78,0,0,0,8.75,0,0,1480,57,312,NA,NA,NA,35,NA,NA,NA,NA,100.363636363636,NA,NA,NA,133,NA,NA,251.333333333333,57,28.3636363636364,NA,NA,NA,35,NA,NA,22,50,11,NA,NA,NA,1,NA,NA,1480,57,312,NA,NA,NA,35,NA,NA,4,4,4,NA,NA,NA,4,NA,NA,NA,NA,80,NA,NA,NA,133,NA,NA,NA,NA,125,NA,NA,NA,133,NA,NA,14,57,15,NA,NA,NA,35,NA,NA,577,57,48,NA,NA,NA,35,NA,NA,4,12,1,0,1,1,0,0,0,1,0,1,NA,NA,NA,NA,NA,1,0.128395269871971,11,"11_0",2025-02-06,"14:46:00",2025,"Feb",6,"Summer",1738853160,"0 Pre/Summer","Rocky",6.6
14,12,"0","14_0","12_0","Rotoiti","Reference",54730,-38.027783,176.4042814,150,"Rocky",2025-02-06 15:10:00,"Sunny",3.5,1,1,"Left, Cliff as shore",70.9186341457602,162.050124796368,160.734632833987,0.124428691237045,NA,14,NA,1,NA,0.7,0.07,100,"Native forest",100,0,0,0,20,80,0,0,0,0,NA,25.4,10.88,136.4,161.1,159.758032526775,9.14,0,NA,0,NA,NA,NA,NA,NA,NA,NA,NA,NA,NA,NA,NA,NA,NA,NA,NA,NA,NA,NA,NA,NA,NA,NA,NA,NA,NA,NA,NA,NA,NA,NA,NA,NA,NA,NA,NA,NA,NA,NA,NA,NA,0,0,0,0,8,20,21,0,0,0,1,0,0,2,5,5.25,0,0,0,0.25,0,0,694.5,6.25,222.5,0,0,0,6.75,0,0,2778,25,890,NA,NA,NA,27,NA,NA,NA,NA,107.333333333333,NA,NA,NA,130,NA,NA,279.8,25,42.3809523809524,NA,NA,NA,27,NA,NA,8,20,21,NA,NA,NA,1,NA,NA,2778,25,890,NA,NA,NA,27,NA,NA,4,4,4,NA,NA,NA,4,NA,NA,NA,NA,71,NA,NA,NA,130,NA,NA,NA,NA,180,NA,NA,NA,130,NA,NA,5,25,9,NA,NA,NA,27,NA,NA,628,25,148,NA,NA,NA,27,NA,NA,4,22,1,0,1,1,0,0,0,1,0,1,0,1,0,1,1,1,0.0705033318848671,12,"12_0",2025-02-06,"15:10:00",2025,"Feb",6,"Summer",1738854600,"0 Pre/Summer","Rocky",6.2
15,13,"0","15_0","13_0","Rotoiti","Reference",54730,-38.0401949,176.3586787,150,"Sandy",2025-02-06 11:15:00,"Sunny",3,1,1,"Right",63.3350158193617,218.544411001867,218.384482858113,0.0915815983729679,NA,15,NA,1,NA,0.45,0.045,100,"Native forest",100,0,0,10,0,0,10,80,0,0,NA,24.3,9.39,112.1,177.9,180.554145945397,7.57,0,NA,0,NA,NA,NA,NA,NA,NA,NA,NA,NA,NA,NA,NA,NA,NA,NA,NA,NA,NA,NA,NA,NA,NA,NA,NA,NA,NA,NA,NA,NA,NA,NA,NA,NA,NA,NA,NA,NA,NA,NA,NA,NA,0,0,0,0,3,0,1,0,0,0,0,0,0,0.75,0,0.25,0,0,0,0,0,0,637,0,5.5,0,0,0,0,0,0,2548,NA,22,NA,NA,NA,NA,NA,NA,NA,NA,90,NA,NA,NA,NA,NA,NA,424.666666666667,NA,22,NA,NA,NA,NA,NA,NA,3,NA,1,NA,NA,NA,NA,NA,NA,2548,NA,22,NA,NA,NA,NA,NA,NA,4,NA,4,NA,NA,NA,NA,NA,NA,NA,NA,90,NA,NA,NA,NA,NA,NA,NA,NA,90,NA,NA,NA,NA,NA,NA,55,NA,22,NA,NA,NA,NA,NA,NA,619,NA,22,NA,NA,NA,NA,NA,NA,2,1,1,0,1,0,0,0,0,0,0,0,NA,NA,NA,NA,NA,0,0.0789452711950138,13,"13_0",2025-02-06,"11:15:00",2025,"Feb",6,"Summer",1738840500,"0 Pre/Summer","Sandy",3.6
16,14,"0","16_0","14_0","Rotoiti","Reference",54730,-38.0398114,176.3581623,150,"Sandy",2025-02-06 11:00:00,"Sunny",3,1,1,"Left, 1 net big hole",59.880478669367,183.129609879407,182.742768352052,0.109443455302539,NA,16,NA,1,NA,0.4,0.04,100,"Native forest",100,0,0,10,0,0,0,90,0,0,NA,24.3,9.39,112.1,177.9,180.554145945397,7.52,0,NA,0,NA,NA,NA,NA,NA,NA,NA,NA,NA,NA,NA,NA,NA,NA,NA,NA,NA,NA,NA,NA,NA,NA,NA,NA,NA,NA,NA,NA,NA,NA,NA,NA,NA,NA,NA,NA,NA,NA,NA,NA,NA,0,0,0,20,3,0,0,0,1,0,0,0,0,1,0,0,0,0.333333333333333,0,0,0,0,506,0,0,0,11.6666666666667,0,0,0,0,1518,NA,NA,NA,35,NA,NA,NA,NA,NA,NA,NA,NA,37.11,NA,NA,NA,NA,506,NA,NA,NA,35,NA,NA,NA,NA,3,NA,NA,NA,1,NA,NA,NA,NA,1518,NA,NA,NA,35,NA,NA,NA,NA,3,NA,NA,NA,3,NA,NA,NA,NA,NA,NA,NA,NA,37.11,NA,NA,NA,NA,NA,NA,NA,NA,37.11,NA,NA,NA,NA,392,NA,NA,NA,35,NA,NA,NA,NA,578,NA,NA,NA,35,NA,NA,NA,NA,2,1,1,0,0,0,0,1,0,0,0,0,1,0,0,1,1,0,0.083499666520833,14,"14_0",2025-02-06,"11:00:00",2025,"Feb",6,"Summer",1738839600,"0 Pre/Summer","Sandy",3.5
17,15,"0","17_0","15_0","Rotoiti","Reference",54730,-38.0354320054637,176.345087343881,150,"Rocky",2025-02-06 10:00:00,"Sunny",3,1,1,"Left",57.9411293181277,639.033952746429,638.656123016178,0.0313157570705595,NA,17,NA,1,NA,0.7,0.07,100,"Native forest",100,0,0,50,0,0,0,20,0,30,NA,23.2,8.99,105.3,160.9,167.220951985034,8.23,1,"Hornwort",6,NA,NA,NA,NA,NA,NA,NA,NA,NA,NA,NA,NA,NA,NA,NA,NA,NA,NA,NA,NA,NA,NA,NA,NA,NA,NA,NA,NA,NA,NA,NA,NA,NA,NA,NA,NA,NA,NA,NA,NA,NA,0,0,0,0,1,10,16,1,17,0,0,0,0,0.25,2.5,4,0.25,4.25,0,0,0,0,179.25,0,195.75,1.75,73.5,0,0,0,0,717,0,783,7,294,NA,NA,NA,NA,NA,NA,109.125,100,27.33,NA,NA,NA,NA,358.5,NA,48.9375,7,17.2941176470588,NA,NA,NA,NA,1,10,16,1,17,NA,NA,NA,NA,717,0,783,7,294,NA,NA,NA,NA,4,4,4,4,4,NA,NA,NA,NA,NA,NA,72,100,20.75,NA,NA,NA,NA,NA,NA,182,100,36.22,NA,NA,NA,NA,349,NA,10,7,5,NA,NA,NA,NA,368,NA,175,7,38,NA,NA,NA,NA,5,34,1,0,1,1,1,1,0,0,0,0,1,0,0,1,1,0,0.0862944864700053,15,"15_0",2025-02-06,"10:00:00",2025,"Feb",6,"Summer",1738836000,"0 Pre/Summer","Rocky",5.2
18,16,"0","18_0","16_0","Rotoiti","Reference",54730,-38.035946522854,176.345727107707,150,"Rocky",2025-02-06 10:15:00,"Sunny",3,1,1,"Right",27.586278169075,565.618637286375,565.447481720974,0.0353702167690778,NA,18,NA,1,NA,0.5,0.05,100,"Native forest",100,0,0,50,0,0,0,20,0,30,NA,23.4,9.08,106.7,160.5,166.080298013245,8.1,0,NA,2,NA,NA,NA,NA,NA,NA,NA,NA,NA,NA,NA,NA,NA,NA,NA,NA,NA,NA,NA,NA,NA,NA,NA,NA,NA,NA,NA,NA,NA,NA,NA,NA,NA,NA,NA,NA,NA,NA,NA,NA,NA,0,0,0,0,2,6,0,0,1,1,0,0,0,0.5,1.5,0,0,0.25,0.25,0,0,0,27.75,1,0,0,8.75,2.75,0,0,0,111,4,NA,NA,35,11,NA,NA,NA,NA,NA,NA,NA,36.99,97,NA,NA,NA,111,4,NA,NA,35,11,NA,NA,NA,2,6,NA,NA,1,1,NA,NA,NA,111,4,NA,NA,35,11,NA,NA,NA,4,4,NA,NA,4,4,NA,NA,NA,NA,NA,NA,NA,36.99,97,NA,NA,NA,NA,NA,NA,NA,36.99,97,NA,NA,NA,111,4,NA,NA,35,11,NA,NA,NA,111,4,NA,NA,35,11,NA,NA,NA,4,2,1,0,0,1,0,1,0,0,1,1,3,0,0,1,3,0,0.181249531718459,16,"16_0",2025-02-06,"10:15:00",2025,"Feb",6,"Summer",1738836900,"0 Pre/Summer","Rocky",5.2
19,17,"0","19_0","17_0","Rotoiti","Reference",54730,-38.0174132,176.3755268,150,"Rocky",2025-02-06 13:09:00,"Sunny",3.5,1,1,"Left",13.9155980353024,411.557104130868,410.694566686954,0.0486979902396535,NA,19,NA,1,NA,0.8,0.08,100,"Native forest",100,0,0,0,50,0,0,50,0,0,NA,25.3,9.66,116.8,159.8,158.799562754646,8.52,0,NA,30,NA,NA,NA,NA,NA,NA,NA,NA,NA,NA,NA,NA,NA,NA,NA,NA,NA,NA,NA,NA,NA,NA,NA,NA,NA,NA,NA,NA,NA,NA,NA,NA,NA,NA,NA,NA,NA,NA,NA,NA,NA,0,0,0,0,3,0,8,0,12,0,6,0,0,0.75,0,2,0,3,0,1.5,0,0,265.25,0,119.75,0,55,0,725,0,0,1061,NA,479,NA,220,NA,2900,NA,NA,NA,NA,122.75,NA,27.1233333333333,NA,324.166666666667,NA,NA,353.666666666667,NA,59.875,NA,18.3333333333333,NA,483.333333333333,NA,NA,3,NA,8,NA,12,NA,6,NA,NA,1061,NA,479,NA,220,NA,2900,NA,NA,4,NA,4,NA,4,NA,4,NA,NA,NA,NA,90,NA,16.95,NA,273,NA,NA,NA,NA,190,NA,42.13,NA,351,NA,NA,269,NA,17,NA,5,NA,300,NA,NA,456,NA,166,NA,50,NA,600,NA,NA,4,26,1,0,1,0,0,1,0,1,0,1,NA,NA,NA,NA,NA,1,0.359309027705136,17,"17_0",2025-02-06,"13:09:00",2025,"Feb",6,"Summer",1738847340,"0 Pre/Summer","Rocky",5
20,18,"0","20_0","18_0","Rotoiti","Reference",54730,-38.0172588,176.3757789,150,"Rocky",2025-02-06 13:30:00,"Sunny",3.5,1,1,"Right",10.2582815366794,393.995431341253,393.146305968451,0.0508716467543382,NA,20,NA,1,NA,1.1,0.11,100,"Native forest",100,0,0,0,80,0,0,20,0,0,NA,25.4,9.86,120.1,161.2,159.857199523998,8.67,0,NA,7,NA,NA,NA,NA,NA,NA,NA,NA,NA,NA,NA,NA,NA,NA,NA,NA,NA,NA,NA,NA,NA,NA,NA,NA,NA,NA,NA,NA,NA,NA,NA,NA,NA,NA,NA,NA,NA,NA,NA,NA,NA,0,0,0,0,8,3,6,0,15,0,4,0,0,2,0.75,1.5,0,3.75,0,1,0,0,172,0,107.25,0,58.5,0,232.25,0,0,688,0,429,NA,234,NA,929,NA,NA,NA,NA,122.5,NA,26.0525,NA,226.5,NA,NA,173,NA,71.5,NA,19.625,NA,232.25,NA,NA,8,3,6,NA,15,NA,4,NA,NA,688,0,429,NA,234,NA,929,NA,NA,4,4,4,NA,4,NA,4,NA,NA,NA,NA,67,NA,16.05,NA,170,NA,NA,NA,NA,179,NA,36.82,NA,365,NA,NA,4,NA,7,NA,4,NA,60,NA,NA,344,NA,150,NA,50,NA,700,NA,NA,5,25,1,0,1,1,0,1,0,1,0,1,NA,NA,NA,NA,NA,1,0.487411071934617,18,"18_0",2025-02-06,"13:30:00",2025,"Feb",6,"Summer",1738848600,"0 Pre/Summer","Rocky",6.2
21,19,"0","21_0","19_0","Rotoiti","Reference",54730,-38.01677,176.421,150,"Rocky",2025-02-06 15:20:00,"Sunny",3.5,1,1,"Right",142.695643156613,187.90193049333,187.539175274033,0.106644384943977,NA,21,NA,1,NA,0.8,0.08,100,"Native forest",100,0,0,0,0,90,0,10,0,0,NA,24.2,10.95,132,160.5,163.242473555736,9.34,1,"Hornwort",4,NA,NA,NA,NA,NA,NA,NA,NA,NA,NA,NA,NA,NA,NA,NA,NA,NA,NA,NA,NA,NA,NA,NA,NA,NA,NA,NA,NA,NA,NA,NA,NA,NA,NA,NA,NA,NA,NA,NA,NA,NA,0,0,0,0,9,5,3,1,13,0,0,0,0,2.25,1.25,0.75,0.25,3.25,0,0,0,0,385,0,20,3.75,58.75,0,0,0,0,1540,0,80,15,235,NA,NA,NA,NA,NA,NA,101.666666666667,115,28.761,NA,NA,NA,NA,259,NA,26.6666666666667,15,18.5125,NA,NA,NA,NA,9,5,3,1,13,NA,NA,NA,NA,1540,0,80,15,235,NA,NA,NA,NA,4,4,4,4,4,NA,NA,NA,NA,NA,NA,95,115,13.95,NA,NA,NA,NA,NA,NA,115,115,35.65,NA,NA,NA,NA,7,NA,21,15,1,NA,NA,NA,NA,617,NA,38,15,30,NA,NA,NA,NA,5,17,1,0,1,1,1,1,0,0,0,0,NA,NA,NA,NA,NA,1,0.0350396122081481,19,"19_0",2025-02-06,"15:20:00",2025,"Feb",6,"Summer",1738855200,"0 Pre/Summer","Rocky",5.7
22,20,"0","22_0","20_0","Rotoiti","Reference",54730,-38.0170202210521,176.420489675691,150,"Rocky",2025-02-06 15:40:00,"Sunny",3.5,1,1,"Left",112.652050534812,153.52894194799,153.452603021804,0.130333403319057,NA,22,NA,1,NA,0.9,0.09,100,"Native forest",100,0,0,0,0,90,0,10,0,0,NA,24.9,10.9,131.4,159.2,159.535023549454,9.07,1,"Hornwort",0,NA,NA,NA,NA,NA,NA,NA,NA,NA,NA,NA,NA,NA,NA,NA,NA,NA,NA,NA,NA,NA,NA,NA,NA,NA,NA,NA,NA,NA,NA,NA,NA,NA,NA,NA,NA,NA,NA,NA,NA,NA,0,0,0,0,15,20,2,1,26,0,0,0,0,3.75,5,0.5,0.25,6.5,0,0,0,0,619,0,19,1.5,100.75,0,0,0,0,2476,0,76,6,403,NA,NA,NA,NA,NA,NA,111.5,95,29.4823863636364,NA,NA,NA,NA,253.6,NA,38,6,18.9772727272727,NA,NA,NA,NA,15,20,2,1,26,NA,NA,NA,NA,2476,0,76,6,403,NA,NA,NA,NA,4,4,4,4,4,NA,NA,NA,NA,NA,NA,110,95,12.53,NA,NA,NA,NA,NA,NA,113,95,40.79,NA,NA,NA,NA,15,NA,36,6,1,NA,NA,NA,NA,587,NA,40,6,40,NA,NA,NA,NA,5,29,1,0,1,1,1,1,0,0,0,0,4,0,0,1,4,1,0.0443844561751221,20,"20_0",2025-02-06,"15:40:00",2025,"Feb",6,"Summer",1738856400,"0 Pre/Summer","Rocky",5.7
3,1,"1","3_1","1_1","Rotoiti","Reef",54730,-38.0526673079263,176.47144524762,150,"Rocky",2025-04-28 13:00:00,"Cloudy",5,0,0,NA,82.9889020904982,164.450019734722,163.768266763249,0.122123781336179,3040,3,NA,NA,NA,NA,NA,NA,NA,NA,NA,NA,NA,NA,NA,NA,NA,NA,NA,NA,17.9,10.18,107.2,129,151.604183805383,7.42,NA,NA,NA,NA,NA,NA,NA,NA,NA,NA,NA,NA,NA,NA,NA,NA,NA,NA,NA,NA,NA,NA,NA,NA,NA,NA,NA,NA,NA,NA,NA,NA,NA,NA,NA,NA,NA,NA,NA,NA,NA,NA,NA,NA,NA,NA,NA,NA,15,40,1,42,12,0,0,0,0,3.75,10,0.25,10.5,3,0,0,0,0,683.75,0,2.25,80.25,51.75,0,0,0,0,2735,0,9,321,207,NA,NA,NA,NA,NA,NA,100,80.5487804878049,27.8636363636364,NA,NA,NA,NA,233.333333333333,NA,9,5.3780487804878,22.1363636363636,NA,NA,NA,NA,15,40,1,42,12,NA,NA,NA,NA,2735,0,9,321,207,NA,NA,NA,NA,4,4,4,4,4,NA,NA,NA,NA,NA,NA,100,50,20,NA,NA,NA,NA,NA,NA,100,150,35,NA,NA,NA,NA,13,NA,9,1,6,NA,NA,NA,NA,675,NA,9,26,42,NA,NA,NA,NA,5,55,1,0,1,1,1,1,0,0,0,0,NA,NA,NA,NA,NA,NA,0.0602490197369712,1,"1_1",2025-04-28,"13:00:00",2025,"Apr",28,"Autumn",1745845200,"1 Autumn","Sandy",0
4,2,"1","4_1","2_1","Rotoiti","Control",54730,-38.0529135570371,176.470933127575,150,"Rocky",2025-04-28 12:30:00,"Cloudy",5,0,0,NA,105.445519540936,180.302636624781,179.82545515734,0.111218959420961,NA,4,NA,NA,NA,NA,NA,NA,NA,NA,NA,NA,NA,NA,NA,NA,NA,NA,NA,NA,17.6,10.01,104.8,128.5,152.143026284632,7.36,NA,NA,NA,NA,NA,NA,NA,NA,NA,NA,NA,NA,NA,NA,NA,NA,NA,NA,NA,NA,NA,NA,NA,NA,NA,NA,NA,NA,NA,NA,NA,NA,NA,NA,NA,NA,NA,NA,NA,NA,NA,NA,NA,NA,NA,NA,NA,NA,17,0,1,31,21,0,0,0,0,4.25,0,0.25,7.75,5.25,0,0,0,0,779.25,0,21.25,58.25,114.25,0,0,0,0,3117,NA,85,233,457,NA,NA,NA,NA,NA,NA,145,97.5806451612903,28.9047619047619,NA,NA,NA,NA,229.928571428571,NA,85,7.51612903225806,21.7619047619048,NA,NA,NA,NA,17,NA,1,31,21,NA,NA,NA,NA,3117,NA,85,233,457,NA,NA,NA,NA,4,NA,4,4,4,NA,NA,NA,NA,NA,NA,145,70,21,NA,NA,NA,NA,NA,NA,145,120,40,NA,NA,NA,NA,17,NA,85,2,7,NA,NA,NA,NA,557,NA,85,15,53,NA,NA,NA,NA,4,53,1,0,1,0,1,1,0,0,0,0,NA,NA,NA,NA,NA,NA,0.047417851623927,2,"2_1",2025-04-28,"12:30:00",2025,"Apr",28,"Autumn",1745843400,"1 Autumn","Sandy",0
5,3,"1","5_1","3_1","Rotoiti","Reef",54730,-38.047698100528,176.341122568488,150,"Sandy",2025-04-28 10:50:00,"Cloudy",5,0,0,NA,75.1030427476967,1429.22107248619,1427.76371668429,0.0140079200544795,1980,5,NA,NA,NA,NA,NA,NA,NA,NA,NA,NA,NA,NA,NA,NA,NA,NA,NA,NA,17.9,10.36,109.3,142,166.882124809026,7.49,NA,NA,NA,NA,NA,NA,NA,NA,NA,NA,NA,NA,NA,NA,NA,NA,NA,NA,NA,NA,NA,NA,NA,NA,NA,NA,NA,NA,NA,NA,NA,NA,NA,NA,NA,NA,NA,NA,NA,NA,NA,NA,NA,NA,NA,NA,NA,NA,4,0,0,5,0,0,0,0,0,1,0,0,1.25,0,0,0,0,0,333,0,0,4.5,0,0,0,0,0,1332,NA,NA,18,NA,NA,NA,NA,NA,NA,NA,NA,62.6,NA,NA,NA,NA,NA,266.4,NA,NA,3.6,NA,NA,NA,NA,NA,4,NA,NA,5,NA,NA,NA,NA,NA,1332,NA,NA,18,NA,NA,NA,NA,NA,4,NA,NA,4,NA,NA,NA,NA,NA,NA,NA,NA,43,NA,NA,NA,NA,NA,NA,NA,NA,80,NA,NA,NA,NA,NA,50,NA,NA,1,NA,NA,NA,NA,NA,499,NA,NA,7,NA,NA,NA,NA,NA,2,5,1,0,0,0,1,0,0,0,0,0,1,0,0,1,1,NA,0.0665751987811884,3,"3_1",2025-04-28,"10:50:00",2025,"Apr",28,"Autumn",1745837400,"1 Autumn","Sandy",0
6,4,"1","6_1","4_1","Rotoiti","Control",54730,-38.0480187161085,176.341484639114,150,"Sandy",2025-04-28 10:30:00,"Cloudy",5,0,0,NA,73.1064213892519,1435.7027457702,1433.76093577721,0.0139493269072493,NA,6,NA,NA,NA,NA,NA,NA,NA,NA,NA,NA,NA,NA,NA,NA,NA,NA,NA,NA,17.8,10.2,107.7,142.7,168.119698397738,7.54,NA,NA,NA,NA,NA,NA,NA,NA,NA,NA,NA,NA,NA,NA,NA,NA,NA,NA,NA,NA,NA,NA,NA,NA,NA,NA,NA,NA,NA,NA,NA,NA,NA,NA,NA,NA,NA,NA,NA,NA,NA,NA,NA,NA,NA,NA,NA,NA,10,9,0,24,1,0,0,0,0,2.5,2.25,0,6,0.25,0,0,0,0,337.75,2,0,33.25,8.5,0,0,0,0,1351,8,NA,133,34,NA,NA,NA,NA,NA,NA,NA,72.0833333333333,35,NA,NA,NA,NA,229.833333333333,8,NA,5.54166666666667,34,NA,NA,NA,NA,10,9,NA,24,1,NA,NA,NA,NA,1351,8,NA,133,34,NA,NA,NA,NA,4,4,NA,4,4,NA,NA,NA,NA,NA,NA,NA,42,35,NA,NA,NA,NA,NA,NA,NA,150,35,NA,NA,NA,NA,14,8,NA,1,34,NA,NA,NA,NA,538,8,NA,48,34,NA,NA,NA,NA,4,25,1,0,0,1,1,1,0,0,0,0,NA,NA,NA,NA,NA,NA,0.0683934448572954,4,"4_1",2025-04-28,"10:30:00",2025,"Apr",28,"Autumn",1745836200,"1 Autumn","Sandy",0
7,5,"1","7_1","5_1","Rotoiti","Reef",54730,-38.0222760864304,176.348643537609,150,"Sandy",2025-04-28 09:00:00,"Cloudy",5,0,0,NA,267.55142706579,1689.68543182272,1687.01869857311,0.0118552331500037,3700,7,NA,NA,NA,NA,NA,NA,NA,NA,NA,NA,NA,NA,NA,NA,NA,NA,NA,NA,16.9,8.26,85.3,139,167.490059043258,6.82,NA,NA,NA,NA,NA,NA,NA,NA,NA,NA,NA,NA,NA,NA,NA,NA,NA,NA,NA,NA,NA,NA,NA,NA,NA,NA,NA,NA,NA,NA,NA,NA,NA,NA,NA,NA,NA,NA,NA,NA,NA,NA,NA,NA,NA,NA,NA,NA,11,2,10,0,2,0,0,0,0,2.75,0.5,2.5,0,0.5,0,0,0,0,365.75,0.25,141.75,0,17.5,0,0,0,0,1463,1,567,NA,70,NA,NA,NA,NA,NA,NA,130.2,NA,38.19,NA,NA,NA,NA,251.833333333333,1,56.7,NA,35,NA,NA,NA,NA,11,2,10,NA,2,NA,NA,NA,NA,1463,1,567,NA,70,NA,NA,NA,NA,4,4,4,NA,4,NA,NA,NA,NA,NA,NA,80,NA,31.71,NA,NA,NA,NA,NA,NA,192,NA,44.67,NA,NA,NA,NA,24,1,12,NA,21,NA,NA,NA,NA,582,1,137,NA,49,NA,NA,NA,NA,4,12,1,0,1,1,0,1,0,0,0,0,NA,NA,NA,NA,NA,NA,0.018687996004486,5,"5_1",2025-04-28,"09:00:00",2025,"Apr",28,"Autumn",1745830800,"1 Autumn","Sandy",0
8,6,"1","8_1","6_1","Rotoiti","Control",54730,-38.0218725085535,176.348304238168,150,"Sandy",2025-04-28 08:30:00,"Cloudy",5,0,0,NA,220.524873221001,1741.06263130931,1738.07490007139,0.0115069839620712,NA,8,NA,NA,NA,NA,NA,NA,NA,NA,NA,NA,NA,NA,NA,NA,NA,NA,NA,NA,15.9,3.21,32.2,36.6,45.246631227593,6.5,NA,NA,NA,NA,NA,NA,NA,NA,NA,NA,NA,NA,NA,NA,NA,NA,NA,NA,NA,NA,NA,NA,NA,NA,NA,NA,NA,NA,NA,NA,NA,NA,NA,NA,NA,NA,NA,NA,NA,NA,NA,NA,NA,NA,10,0,90,0,65,0,7,0,3,0,4,0,10,16.25,0,1.75,0,0.75,0,1,0,2.5,121.75,0,2,0,17,0,49.75,0,1.5,487,NA,8,NA,68,NA,199,NA,6,NA,NA,NA,NA,29.8166666666667,NA,133.75,NA,NA,140,NA,4,NA,34,NA,49.75,NA,6,65,NA,7,NA,3,NA,4,NA,10,487,NA,8,NA,68,NA,199,NA,6,4,NA,4,NA,4,NA,4,NA,4,NA,NA,NA,NA,21.28,NA,95,NA,NA,NA,NA,NA,NA,38.35,NA,245,NA,NA,73,NA,0,NA,29,NA,4,NA,6,213,NA,8,NA,39,NA,179,NA,6,5,24,1,0,1,0,0,1,1,1,0,1,NA,NA,NA,NA,NA,NA,0.022673179342401,6,"6_1",2025-04-28,"08:30:00",2025,"Apr",28,"Autumn",1745829000,"1 Autumn","Sandy",0
9,7,"1","9_1","7_1","Rotoiti","Reef",54730,-38.0400700989088,176.368333417899,150,"Sandy",2025-04-28 11:44:00,"Cloudy",5,0,0,NA,130.678248479696,334.104864132139,332.37012426407,0.0601738800810806,1920,9,NA,NA,NA,NA,NA,NA,NA,NA,NA,NA,NA,NA,NA,NA,NA,NA,NA,NA,17.9,9.68,102.2,139.2,163.591491362087,7.38,NA,NA,NA,NA,NA,NA,NA,NA,NA,NA,NA,NA,NA,NA,NA,NA,NA,NA,NA,NA,NA,NA,NA,NA,NA,NA,NA,NA,NA,NA,NA,NA,NA,NA,NA,NA,NA,NA,NA,NA,NA,NA,NA,NA,NA,NA,NA,NA,47,11,2,80,2,0,0,0,0,11.75,2.75,0.5,20,0.5,0,0,0,0,302,62.5,77.75,96.5,18.5,0,0,0,0,1208,250,311,386,74,NA,NA,NA,NA,NA,NA,188.5,76.25,38.5,NA,NA,NA,NA,219.333333333333,250,155.5,4.825,37,NA,NA,NA,NA,47,11,2,80,2,NA,NA,NA,NA,1208,250,311,386,74,NA,NA,NA,NA,4,4,4,4,4,NA,NA,NA,NA,NA,NA,180,45,37,NA,NA,NA,NA,NA,NA,197,150,40,NA,NA,NA,NA,54,250,108,1,35,NA,NA,NA,NA,511,250,203,40,39,NA,NA,NA,NA,5,84,1,0,1,1,1,1,0,0,0,0,NA,NA,NA,NA,NA,NA,0.0382619147269706,7,"7_1",2025-04-28,"11:44:00",2025,"Apr",28,"Autumn",1745840640,"1 Autumn","Sandy",0
10,8,"1","10_1","8_1","Rotoiti","Control",54730,-38.0399884269911,176.367640974845,150,"Sandy",2025-04-28 11:30:00,"Cloudy",5,0,0,"1 fyke net colappsed",69.5081840126718,381.61439291614,380.359464057203,0.0525818387339829,NA,10,NA,NA,NA,NA,NA,NA,NA,NA,NA,NA,NA,NA,NA,NA,NA,NA,NA,NA,17.9,9.59,101.2,138.9,163.238923492772,7.45,NA,NA,NA,NA,NA,NA,NA,NA,NA,NA,NA,NA,NA,NA,NA,NA,NA,NA,NA,NA,NA,NA,NA,NA,NA,NA,NA,NA,NA,NA,NA,NA,NA,NA,NA,NA,NA,NA,NA,NA,NA,NA,NA,NA,NA,NA,NA,NA,5,12,0,14,0,0,0,0,0,1.66666666666667,4,0,4.66666666666667,0,0,0,0,0,336.333333333333,223.666666666667,0,25.6666666666667,0,0,0,0,0,1009,671,NA,77,NA,NA,NA,NA,NA,NA,NA,NA,85.7142857142857,NA,NA,NA,NA,NA,131.375,335.5,NA,5.5,NA,NA,NA,NA,NA,5,12,NA,14,NA,NA,NA,NA,NA,1009,671,NA,77,NA,NA,NA,NA,NA,3,3,NA,3,NA,NA,NA,NA,NA,NA,NA,NA,50,NA,NA,NA,NA,NA,NA,NA,NA,120,NA,NA,NA,NA,NA,14,321,NA,1,NA,NA,NA,NA,NA,399,350,NA,15,NA,NA,NA,NA,NA,3,14,1,0,0,1,1,0,0,0,0,0,NA,NA,NA,NA,NA,NA,0.0719339754163116,8,"8_1",2025-04-28,"11:30:00",2025,"Apr",28,"Autumn",1745839800,"1 Autumn","Sandy",0
11,9,"1","11_1","9_1","Rotoiti","Reef",54730,-38.0149838,176.4133799,150,"Sandy",2025-04-28 09:30:00,"Cloudy",5,0,0,NA,168.339491020125,259.826404337621,256.267203593034,0.0780435409587606,3010,11,NA,NA,NA,NA,NA,NA,NA,NA,NA,NA,NA,NA,NA,NA,NA,NA,NA,NA,17.7,8.84,92.8,132.4,156.371796385969,7.24,NA,NA,NA,NA,NA,NA,NA,NA,NA,NA,NA,NA,NA,NA,NA,NA,NA,NA,NA,NA,NA,NA,NA,NA,NA,NA,NA,NA,NA,NA,NA,NA,NA,NA,NA,NA,NA,NA,NA,NA,NA,NA,NA,NA,NA,NA,NA,NA,22,33,0,44,14,0,0,0,0,5.5,8.25,0,11,3.5,0,0,0,0,210.75,7.25,0,129.5,55.5,0,0,0,0,843,29,NA,518,222,NA,NA,NA,NA,NA,NA,NA,101.204545454545,30.4988461538462,NA,NA,NA,NA,213.5,14.5,NA,11.7727272727273,23.3076923076923,NA,NA,NA,NA,22,33,NA,44,14,NA,NA,NA,NA,843,29,NA,518,222,NA,NA,NA,NA,4,4,NA,4,4,NA,NA,NA,NA,NA,NA,NA,68,18,NA,NA,NA,NA,NA,NA,NA,170,36.81,NA,NA,NA,NA,11,9,NA,3,5,NA,NA,NA,NA,460,20,NA,60,41,NA,NA,NA,NA,4,58,1,0,0,1,1,1,0,0,0,0,NA,NA,NA,NA,NA,NA,0.029701883792688,9,"9_1",2025-04-28,"09:30:00",2025,"Apr",28,"Autumn",1745832600,"1 Autumn","Sandy",0
12,10,"1","12_1","10_1","Rotoiti","Control",54730,-38.0149894250948,176.414205051426,150,"Rocky",2025-04-28 09:45:00,"Cloudy",5,0,0,NA,138.622117701376,221.365381729161,219.146731835821,0.0912630539020928,NA,12,NA,NA,NA,NA,NA,NA,NA,NA,NA,NA,NA,NA,NA,NA,NA,NA,NA,NA,17.9,9.19,97,133.4,156.775179222,7.46,NA,NA,NA,NA,NA,NA,NA,NA,NA,NA,NA,NA,NA,NA,NA,NA,NA,NA,NA,NA,NA,NA,NA,NA,NA,NA,NA,NA,NA,NA,NA,NA,NA,NA,NA,NA,NA,NA,NA,NA,NA,NA,NA,NA,NA,NA,NA,NA,9,69,0,30,6,0,0,1,0,2.25,17.25,0,7.5,1.5,0,0,0.25,0,236.25,14.5,0,63.25,14.5,0,0,400,0,945,58,NA,253,58,NA,NA,1600,NA,NA,NA,NA,92.5,24.8,NA,NA,800,NA,238.5,29,NA,8.43333333333333,12.6,NA,NA,1600,NA,9,69,NA,30,6,NA,NA,1,NA,945,58,NA,253,58,NA,NA,1600,NA,4,4,NA,4,4,NA,NA,4,NA,NA,NA,NA,50,14,NA,NA,800,NA,NA,NA,NA,155,28,NA,NA,800,NA,9,16,NA,1,2,NA,NA,1600,NA,519,42,NA,46,17,NA,NA,1600,NA,5,37,1,1,0,1,1,1,0,0,0,1,NA,NA,NA,NA,NA,NA,0.0360692801618509,10,"10_1",2025-04-28,"09:45:00",2025,"Apr",28,"Autumn",1745833500,"1 Autumn","Sandy",0
13,11,"1","13_1","11_1","Rotoiti","Reference",54730,-38.0276056022708,176.40494378912,150,"Rocky",2025-04-30 16:17:00,"Sunny",5,0,0,NA,38.942244562325,121.850769016352,119.249019758657,0.167716263332622,NA,13,NA,NA,NA,NA,NA,NA,NA,NA,NA,NA,NA,NA,NA,NA,NA,NA,NA,NA,17.3,9.8,102.2,130,152.3,7.76,NA,NA,NA,NA,NA,NA,NA,NA,NA,NA,NA,NA,NA,NA,NA,NA,NA,NA,NA,NA,NA,NA,NA,NA,NA,NA,NA,NA,NA,NA,NA,NA,NA,NA,NA,NA,NA,NA,NA,NA,NA,NA,NA,NA,NA,NA,NA,NA,14,0,0,271,4,0,0,0,0,3.5,0,0,67.75,1,0,0,0,0,683.333333333333,683.333333333333,0,683.333333333333,12.25,0,0,0,0,2733.33333333333,2733.33333333333,NA,2733.33333333333,49,NA,NA,NA,NA,NA,NA,NA,NA,23.75,NA,NA,NA,NA,1366.66666666667,1366.66666666667,NA,1366.66666666667,12.25,NA,NA,NA,NA,14,0,NA,271,4,NA,NA,NA,NA,2733.33333333333,2733.33333333333,NA,2733.33333333333,49,NA,NA,NA,NA,4,4,NA,4,4,NA,NA,NA,NA,NA,NA,NA,NA,17,NA,NA,NA,NA,NA,NA,NA,NA,34,NA,NA,NA,NA,700,700,NA,700,4,NA,NA,NA,NA,2033.33333333333,2033.33333333333,NA,2033.33333333333,29,NA,NA,NA,NA,3,275,1,0,0,1,1,1,0,0,0,0,NA,NA,NA,NA,NA,NA,0.128395269871971,11,"11_1",2025-04-30,"16:17:00",2025,"Apr",30,"Autumn",1746029820,"1 Autumn","Sandy",0
14,12,"1","14_1","12_1","Rotoiti","Reference",54730,-38.027783,176.4042814,150,"Rocky",2025-04-30 16:17:00,"Sunny",5,0,0,NA,70.9186341457602,162.050124796368,160.734632833987,0.124428691237045,NA,14,NA,NA,NA,NA,NA,NA,NA,NA,NA,NA,NA,NA,NA,NA,NA,NA,NA,NA,17.3,9.8,102.2,130,152.3,7.76,NA,NA,NA,NA,NA,NA,NA,NA,NA,NA,NA,NA,NA,NA,NA,NA,NA,NA,NA,NA,NA,NA,NA,NA,NA,NA,NA,NA,NA,NA,NA,NA,NA,NA,NA,NA,NA,NA,NA,NA,NA,NA,NA,NA,NA,NA,NA,NA,20,0,2,9,4,0,1,0,0,5,0,0.5,2.25,1,0,0.25,0,0,106.5,379.25,0,0,15.5,0,1.75,0,0,426,1517,0,0,62,NA,7,NA,NA,NA,NA,NA,NA,22.5,NA,85,NA,NA,426,505.666666666667,NA,NA,11.6666666666667,NA,7,NA,NA,20,0,2,9,4,NA,1,NA,NA,426,1517,0,0,62,NA,7,NA,NA,4,4,4,4,4,NA,4,NA,NA,NA,NA,NA,NA,18,NA,85,NA,NA,NA,NA,NA,NA,30,NA,85,NA,NA,426,491,NA,NA,4,NA,7,NA,NA,426,527,NA,NA,27,NA,7,NA,NA,5,16,1,0,1,1,1,1,0,1,0,1,NA,NA,NA,NA,NA,NA,0.0705033318848671,12,"12_1",2025-04-30,"16:17:00",2025,"Apr",30,"Autumn",1746029820,"1 Autumn","Sandy",0
15,13,"1","15_1","13_1","Rotoiti","Reference",54730,-38.0401949,176.3586787,150,"Sandy",2025-04-30 17:11:00,"Sunny",5,0,0,"All nets collapsed",63.3350158193617,218.544411001867,218.384482858113,0.0915815983729679,NA,15,NA,NA,NA,NA,NA,NA,NA,NA,NA,NA,NA,NA,NA,NA,NA,NA,NA,NA,17.2,9.78,101.6,130.9,153.9,7.94,NA,NA,NA,NA,NA,NA,NA,NA,NA,NA,NA,NA,NA,NA,NA,NA,NA,NA,NA,NA,NA,NA,NA,NA,NA,NA,NA,NA,NA,NA,NA,NA,NA,NA,NA,NA,NA,NA,NA,NA,NA,NA,NA,NA,NA,NA,NA,NA,NA,NA,NA,NA,NA,NA,NA,NA,NA,NA,NA,NA,NA,NA,NA,NA,NA,NA,NA,NA,NA,NA,NA,NA,NA,NA,NA,NA,NA,NA,NA,NA,NA,NA,NA,NA,NA,NA,NA,NA,NA,NA,NA,NA,NA,NA,NA,NA,NA,NA,NA,NA,NA,NA,NA,NA,NA,NA,NA,NA,NA,NA,NA,NA,NA,NA,NA,NA,NA,NA,NA,NA,NA,NA,NA,NA,NA,NA,NA,NA,NA,NA,NA,NA,NA,NA,NA,NA,NA,NA,NA,NA,NA,NA,NA,NA,NA,NA,NA,NA,NA,NA,NA,NA,NA,NA,NA,NA,NA,NA,NA,NA,NA,NA,NA,NA,NA,NA,NA,NA,NA,NA,NA,NA,NA,NA,NA,NA,NA,NA,NA,NA,NA,NA,NA,0.0789452711950138,13,"13_1",2025-04-30,"17:11:00",2025,"Apr",30,"Autumn",1746033060,"1 Autumn","Sandy",0
16,14,"1","16_1","14_1","Rotoiti","Reference",54730,-38.0398114,176.3581623,150,"Sandy",2025-04-30 17:11:00,"Sunny",5,0,0,"All nets collapsed",59.880478669367,183.129609879407,182.742768352052,0.109443455302539,NA,16,NA,NA,NA,NA,NA,NA,NA,NA,NA,NA,NA,NA,NA,NA,NA,NA,NA,NA,17.2,9.78,101.6,130.9,153.9,7.94,NA,NA,NA,NA,NA,NA,NA,NA,NA,NA,NA,NA,NA,NA,NA,NA,NA,NA,NA,NA,NA,NA,NA,NA,NA,NA,NA,NA,NA,NA,NA,NA,NA,NA,NA,NA,NA,NA,NA,NA,NA,NA,NA,NA,NA,NA,NA,NA,NA,NA,NA,NA,NA,NA,NA,NA,NA,NA,NA,NA,NA,NA,NA,NA,NA,NA,NA,NA,NA,NA,NA,NA,NA,NA,NA,NA,NA,NA,NA,NA,NA,NA,NA,NA,NA,NA,NA,NA,NA,NA,NA,NA,NA,NA,NA,NA,NA,NA,NA,NA,NA,NA,NA,NA,NA,NA,NA,NA,NA,NA,NA,NA,NA,NA,NA,NA,NA,NA,NA,NA,NA,NA,NA,NA,NA,NA,NA,NA,NA,NA,NA,NA,NA,NA,NA,NA,NA,NA,NA,NA,NA,NA,NA,NA,NA,NA,NA,NA,NA,NA,NA,NA,NA,NA,NA,NA,NA,NA,NA,NA,NA,NA,NA,NA,NA,NA,NA,NA,NA,NA,NA,NA,NA,NA,NA,NA,NA,NA,NA,NA,NA,NA,NA,0.083499666520833,14,"14_1",2025-04-30,"17:11:00",2025,"Apr",30,"Autumn",1746033060,"1 Autumn","Sandy",0
17,15,"1","17_1","15_1","Rotoiti","Reference",54730,-38.0354320054637,176.345087343881,150,"Rocky",2025-04-30 12:41:00,"Sunny",5,0,0,NA,57.9411293181277,639.033952746429,638.656123016178,0.0313157570705595,NA,17,NA,NA,NA,NA,NA,NA,NA,NA,NA,NA,NA,NA,NA,NA,NA,NA,NA,NA,17.4,9.31,97.1,138.3,161.8,8.46,NA,NA,NA,NA,NA,NA,NA,NA,NA,NA,NA,NA,NA,NA,NA,NA,NA,NA,NA,NA,NA,NA,NA,NA,NA,NA,NA,NA,NA,NA,NA,NA,NA,NA,NA,NA,NA,NA,NA,NA,NA,NA,NA,NA,NA,NA,NA,NA,8,20,1,14,7,0,0,0,0,2,5,0.25,3.5,1.75,0,0,0,0,122.25,0,15,23.75,67.75,0,0,0,0,489,0,60,95,271,NA,NA,NA,NA,NA,NA,155,NA,35.4285714285714,NA,NA,NA,NA,244.5,NA,60,95,38.7142857142857,NA,NA,NA,NA,8,20,1,14,7,NA,NA,NA,NA,489,0,60,95,271,NA,NA,NA,NA,4,4,4,4,4,NA,NA,NA,NA,NA,NA,155,NA,27,NA,NA,NA,NA,NA,NA,155,NA,45,NA,NA,NA,NA,213,NA,60,95,18,NA,NA,NA,NA,276,NA,60,95,66,NA,NA,NA,NA,5,22,1,0,1,1,1,1,0,0,0,0,NA,NA,NA,NA,NA,NA,0.0862944864700053,15,"15_1",2025-04-30,"12:41:00",2025,"Apr",30,"Autumn",1746016860,"1 Autumn","Sandy",0
18,16,"1","18_1","16_1","Rotoiti","Reference",54730,-38.035946522854,176.345727107707,150,"Rocky",2025-04-30 13:08:00,"Sunny",5,0,0,NA,27.586278169075,565.618637286375,565.447481720974,0.0353702167690778,NA,18,NA,NA,NA,NA,NA,NA,NA,NA,NA,NA,NA,NA,NA,NA,NA,NA,NA,NA,17.4,9.45,98.5,138.3,161.9,7.6,NA,NA,NA,NA,NA,NA,NA,NA,NA,NA,NA,NA,NA,NA,NA,NA,NA,NA,NA,NA,NA,NA,NA,NA,NA,NA,NA,NA,NA,NA,NA,NA,NA,NA,NA,NA,NA,NA,NA,NA,NA,NA,NA,NA,NA,NA,NA,NA,16,30,15,9,8,0,0,0,0,4,7.5,3.75,2.25,2,0,0,0,0,219,0,295.75,22.5,99.5,0,0,0,0,876,0,1183,90,398,NA,NA,NA,NA,NA,NA,132.533333333333,50,37.5,NA,NA,NA,NA,148,NA,78.8666666666667,30,49.75,NA,NA,NA,NA,16,30,15,9,8,NA,NA,NA,NA,876,0,1183,90,398,NA,NA,NA,NA,4,4,4,4,4,NA,NA,NA,NA,NA,NA,80,50,19,NA,NA,NA,NA,NA,NA,205,50,58,NA,NA,NA,NA,6,NA,12,1,8,NA,NA,NA,NA,440,NA,245,60,108,NA,NA,NA,NA,5,32,1,0,1,1,1,1,0,0,0,0,NA,NA,NA,NA,NA,NA,0.181249531718459,16,"16_1",2025-04-30,"13:08:00",2025,"Apr",30,"Autumn",1746018480,"1 Autumn","Sandy",0
19,17,"1","19_1","17_1","Rotoiti","Reference",54730,-38.0174132,176.3755268,150,"Rocky",2025-04-30 14:10:00,"Sunny",5,0,0,NA,13.9155980353024,411.557104130868,410.694566686954,0.0486979902396535,NA,19,NA,NA,NA,NA,NA,NA,NA,NA,NA,NA,NA,NA,NA,NA,NA,NA,NA,NA,17.4,9.63,100.5,131.7,154.2,7.48,NA,NA,NA,NA,NA,NA,NA,NA,NA,NA,NA,NA,NA,NA,NA,NA,NA,NA,NA,NA,NA,NA,NA,NA,NA,NA,NA,NA,NA,NA,NA,NA,NA,NA,NA,NA,NA,NA,NA,NA,NA,NA,NA,NA,NA,NA,NA,NA,10,10,3,4,11,0,5,0,0,2.5,2.5,0.75,1,2.75,0,1.25,0,0,174.5,0,51,4.75,55,0,206.75,0,0,698,0,204,19,220,NA,827,NA,NA,NA,NA,138,NA,27.1458333333333,NA,179,NA,NA,349,NA,68,9.5,18.5416666666667,NA,165.4,NA,NA,10,10,3,4,11,NA,5,NA,NA,698,0,204,19,220,NA,827,NA,NA,4,4,4,4,4,NA,4,NA,NA,NA,NA,100,NA,20,NA,85,NA,NA,NA,NA,164,NA,38,NA,325,NA,NA,188,NA,21,9,7,NA,7,NA,NA,510,NA,106,10,41,NA,489,NA,NA,6,23,1,0,1,1,1,1,0,1,0,1,NA,NA,NA,NA,NA,NA,0.359309027705136,17,"17_1",2025-04-30,"14:10:00",2025,"Apr",30,"Autumn",1746022200,"1 Autumn","Sandy",0
20,18,"1","20_1","18_1","Rotoiti","Reference",54730,-38.0172588,176.3757789,150,"Rocky",2025-04-30 14:10:00,"Sunny",5,0,0,NA,10.2582815366794,393.995431341253,393.146305968451,0.0508716467543382,NA,20,NA,NA,NA,NA,NA,NA,NA,NA,NA,NA,NA,NA,NA,NA,NA,NA,NA,NA,17.4,9.63,100.5,131.7,154.2,7.48,NA,NA,NA,NA,NA,NA,NA,NA,NA,NA,NA,NA,NA,NA,NA,NA,NA,NA,NA,NA,NA,NA,NA,NA,NA,NA,NA,NA,NA,NA,NA,NA,NA,NA,NA,NA,NA,NA,NA,NA,NA,NA,NA,NA,NA,NA,NA,NA,20,1,4,3,5,0,7,0,0,5,0.25,1,0.75,1.25,0,1.75,0,0,39.75,0,142,12.75,19.5,0,157.25,0,0,159,0,568,51,78,NA,629,NA,NA,NA,NA,153.25,101.666666666667,23.6666666666667,NA,129.571428571429,NA,NA,79.5,NA,142,17,14,NA,89.8571428571429,NA,NA,20,1,4,3,5,NA,7,NA,NA,159,0,568,51,78,NA,629,NA,NA,4,4,4,4,4,NA,4,NA,NA,NA,NA,105,90,20,NA,75,NA,NA,NA,NA,203,120,30,NA,335,NA,NA,15,NA,21,12,4,NA,5,NA,NA,144,NA,232,21,26,NA,550,NA,NA,6,19,1,0,1,1,1,1,0,1,0,1,1,0,0,1,1,NA,0.487411071934617,18,"18_1",2025-04-30,"14:10:00",2025,"Apr",30,"Autumn",1746022200,"1 Autumn","Sandy",0
21,19,"1","21_1","19_1","Rotoiti","Reference",54730,-38.01677,176.421,150,"Rocky",2025-04-30 15:10:00,"Sunny",5,0,0,NA,142.695643156613,187.90193049333,187.539175274033,0.106644384943977,NA,21,NA,NA,NA,NA,NA,NA,NA,NA,NA,NA,NA,NA,NA,NA,NA,NA,NA,NA,NA,NA,NA,NA,NA,NA,NA,NA,NA,NA,NA,NA,NA,NA,NA,NA,NA,NA,NA,NA,NA,NA,NA,NA,NA,NA,NA,NA,NA,NA,NA,NA,NA,NA,NA,NA,NA,NA,NA,NA,NA,NA,NA,NA,NA,NA,NA,NA,NA,NA,NA,NA,NA,NA,6,10,2,82,42,0,1,0,0,1.5,2.5,0.5,20.5,10.5,0,0.25,0,0,183.75,47,70,0,149.5,0,2.5,0,0,735,188,280,0,598,NA,10,NA,NA,NA,NA,NA,NA,25.9809384164223,NA,100,NA,NA,245,188,280,NA,16.5073313782991,NA,10,NA,NA,6,10,2,82,42,NA,1,NA,NA,735,188,280,0,598,NA,10,NA,NA,4,4,4,4,4,NA,4,NA,NA,NA,NA,NA,NA,12,NA,100,NA,NA,NA,NA,NA,NA,36,NA,100,NA,NA,93,188,280,NA,2,NA,10,NA,NA,502,188,280,NA,33,NA,10,NA,NA,6,127,1,0,1,1,1,1,0,1,0,1,NA,NA,NA,NA,NA,NA,0.0350396122081481,19,"19_1",2025-04-30,"15:10:00",2025,"Apr",30,"Autumn",1746025800,"1 Autumn","Sandy",0
22,20,"1","22_1","20_1","Rotoiti","Reference",54730,-38.0170202210521,176.420489675691,150,"Rocky",2025-04-30 15:10:00,"Sunny",5,0,0,NA,112.652050534812,153.52894194799,153.452603021804,0.130333403319057,NA,22,NA,NA,NA,NA,NA,NA,NA,NA,NA,NA,NA,NA,NA,NA,NA,NA,NA,NA,NA,NA,NA,NA,NA,NA,NA,NA,NA,NA,NA,NA,NA,NA,NA,NA,NA,NA,NA,NA,NA,NA,NA,NA,NA,NA,NA,NA,NA,NA,NA,NA,NA,NA,NA,NA,NA,NA,NA,NA,NA,NA,NA,NA,NA,NA,NA,NA,NA,NA,NA,NA,NA,NA,11,0,0,211,69,0,0,0,0,2.75,0,0,52.75,17.25,0,0,0,0,489.75,113,0,0,247,0,0,0,0,1959,452,NA,0,988,NA,NA,NA,NA,NA,NA,NA,NA,27.0604508196721,NA,NA,NA,NA,489.75,452,NA,NA,17.1670081967213,NA,NA,NA,NA,11,0,NA,211,69,NA,NA,NA,NA,1959,452,NA,0,988,NA,NA,NA,NA,4,4,NA,4,4,NA,NA,NA,NA,NA,NA,NA,NA,13,NA,NA,NA,NA,NA,NA,NA,NA,39,NA,NA,NA,NA,285,452,NA,NA,3,NA,NA,NA,NA,621,452,NA,NA,41,NA,NA,NA,NA,3,280,1,0,0,1,1,1,0,0,0,0,NA,NA,NA,NA,NA,NA,0.0443844561751221,20,"20_1",2025-04-30,"15:10:00",2025,"Apr",30,"Autumn",1746025800,"1 Autumn","Sandy",0
3,1,"2","3_2","1_2","Rotoiti","Reef",54730,-38.0526673079263,176.47144524762,150,"Rocky",2025-07-16 13:12:00,"Windy waves",NA,0,0,"1 fyke net washed to shore other filled with weed",82.9889020904982,164.450019734722,163.768266763249,0.122123781336179,3040,3,NA,NA,NA,NA,NA,NA,NA,NA,NA,NA,NA,NA,NA,NA,NA,NA,NA,NA,12.8,11.12,105.2,112.6,146.7,7.22,NA,NA,NA,NA,NA,NA,NA,NA,NA,NA,NA,NA,NA,NA,NA,NA,NA,NA,NA,NA,NA,NA,NA,NA,NA,NA,NA,NA,NA,NA,NA,NA,NA,NA,NA,NA,NA,NA,NA,NA,NA,NA,NA,NA,NA,NA,NA,NA,1,4,0,12,0,0,0,0,0,0.333333333333333,1.33333333333333,0,4,0,0,0,0,0,151.333333333333,1.33333333333333,0,34,0,0,0,0,0,454,4,NA,102,NA,NA,NA,NA,NA,NA,NA,NA,96.5,NA,NA,NA,NA,NA,227,4,NA,8.5,NA,NA,NA,NA,NA,1,4,NA,12,NA,NA,NA,NA,NA,454,4,NA,102,NA,NA,NA,NA,NA,3,3,NA,3,NA,NA,NA,NA,NA,NA,NA,NA,83,NA,NA,NA,NA,NA,NA,NA,NA,110,NA,NA,NA,NA,NA,1,4,NA,4,NA,NA,NA,NA,NA,453,4,NA,13,NA,NA,NA,NA,NA,3,12,1,0,0,1,1,0,0,0,0,0,NA,NA,NA,NA,NA,NA,0.0602490197369712,1,"1_2",2025-07-16,"13:12:00",2025,"Jul",16,"Winter",1752671520,"2 Winter","Sandy",0
4,2,"2","4_2","2_2","Rotoiti","Control",54730,-38.0529135570371,176.470933127575,150,"Rocky",2025-07-16 12:54:00,"Windy waves",NA,0,0,"Filled with weeds box moved a lot and fykes were drifting",105.445519540936,180.302636624781,179.82545515734,0.111218959420961,NA,4,NA,NA,NA,NA,NA,NA,NA,NA,NA,NA,NA,NA,NA,NA,NA,NA,NA,NA,12.9,10.92,103.5,112,145.6,6.66,NA,NA,NA,NA,NA,NA,NA,NA,NA,NA,NA,NA,NA,NA,NA,NA,NA,NA,NA,NA,NA,NA,NA,NA,NA,NA,NA,NA,NA,NA,NA,NA,NA,NA,NA,NA,NA,NA,NA,NA,NA,NA,NA,NA,0,0,90,0,5,0,0,2,2,0,0,0,0,1.25,0,0,0.5,0.5,0,0,0,0,60.5,0,0,20.5,8.75,0,0,0,0,242,NA,NA,82,35,NA,NA,NA,NA,NA,NA,NA,117.5,26,NA,NA,NA,NA,121,NA,NA,41,17.5,NA,NA,NA,NA,5,NA,NA,2,2,NA,NA,NA,NA,242,NA,NA,82,35,NA,NA,NA,NA,4,NA,NA,4,4,NA,NA,NA,NA,NA,NA,NA,50,21,NA,NA,NA,NA,NA,NA,NA,185,31,NA,NA,NA,NA,3,NA,NA,1,13,NA,NA,NA,NA,239,NA,NA,81,22,NA,NA,NA,NA,3,4,1,0,0,0,1,1,0,0,0,0,NA,NA,NA,NA,NA,NA,0.047417851623927,2,"2_2",2025-07-16,"12:54:00",2025,"Jul",16,"Winter",1752670440,"2 Winter","Sandy",0
5,3,"2","5_2","3_2","Rotoiti","Reef",54730,-38.047698100528,176.341122568488,150,"Sandy",2025-07-16 11:18:00,"Sunny",NA,0,0,NA,75.1030427476967,1429.22107248619,1427.76371668429,0.0140079200544795,1980,5,NA,NA,NA,NA,NA,NA,NA,NA,NA,NA,NA,NA,NA,NA,NA,NA,NA,NA,13,10.95,103.9,120.7,156.8,7.53,NA,NA,NA,NA,NA,NA,NA,NA,NA,NA,NA,NA,NA,NA,NA,NA,NA,NA,NA,NA,NA,NA,NA,NA,NA,NA,NA,NA,NA,NA,NA,NA,NA,NA,NA,NA,NA,NA,NA,NA,NA,NA,NA,NA,NA,NA,NA,NA,20,26,1,4,0,0,0,0,0,5,6.5,0.25,1,0,0,0,0,0,232,4.75,0.25,5.75,0,0,0,0,0,928,19,1,23,NA,NA,NA,NA,NA,NA,NA,33,80,NA,NA,NA,NA,NA,239.25,19,1,5.75,NA,NA,NA,NA,NA,20,26,1,4,NA,NA,NA,NA,NA,928,19,1,23,NA,NA,NA,NA,NA,4,4,4,4,NA,NA,NA,NA,NA,NA,NA,33,55,NA,NA,NA,NA,NA,NA,NA,33,100,NA,NA,NA,NA,NA,29,19,1,3,NA,NA,NA,NA,NA,506,19,1,9,NA,NA,NA,NA,NA,4,5,1,0,1,1,1,0,0,0,0,0,NA,NA,NA,NA,NA,NA,0.0665751987811884,3,"3_2",2025-07-16,"11:18:00",2025,"Jul",16,"Winter",1752664680,"2 Winter","Sandy",0
6,4,"2","6_2","4_2","Rotoiti","Control",54730,-38.0480187161085,176.341484639114,150,"Sandy",2025-07-16 11:05:00,"Sunny",NA,0,0,NA,73.1064213892519,1435.7027457702,1433.76093577721,0.0139493269072493,NA,6,NA,NA,NA,NA,NA,NA,NA,NA,NA,NA,NA,NA,NA,NA,NA,NA,NA,NA,13,10.89,103.3,123.1,159.9,7.66,NA,NA,NA,NA,NA,NA,NA,NA,NA,NA,NA,NA,NA,NA,NA,NA,NA,NA,NA,NA,NA,NA,NA,NA,NA,NA,NA,NA,NA,NA,NA,NA,NA,NA,NA,NA,NA,NA,NA,NA,NA,NA,NA,NA,NA,NA,NA,NA,7,20,0,1,0,1,0,0,0,1.75,5,0,0.25,0,0.25,0,0,0,242,3.5,0,1.25,0,150,0,0,0,968,14,NA,5,NA,600,NA,NA,NA,NA,NA,NA,80,NA,450,NA,NA,NA,243.25,14,NA,5,NA,600,NA,NA,NA,7,20,NA,1,NA,1,NA,NA,NA,968,14,NA,5,NA,600,NA,NA,NA,4,4,NA,4,NA,4,NA,NA,NA,NA,NA,NA,80,NA,450,NA,NA,NA,NA,NA,NA,80,NA,450,NA,NA,NA,5,14,NA,5,NA,600,NA,NA,NA,587,14,NA,5,NA,600,NA,NA,NA,4,2,1,0,0,1,1,0,0,0,1,1,NA,NA,NA,NA,NA,NA,0.0683934448572954,4,"4_2",2025-07-16,"11:05:00",2025,"Jul",16,"Winter",1752663900,"2 Winter","Sandy",0
7,5,"2","7_2","5_2","Rotoiti","Reef",54730,-38.0222760864304,176.348643537609,150,"Sandy",2025-07-16 10:38:00,"Sunny",NA,0,0,NA,267.55142706579,1689.68543182272,1687.01869857311,0.0118552331500037,3700,7,NA,NA,NA,NA,NA,NA,NA,NA,NA,NA,NA,NA,NA,NA,NA,NA,NA,NA,11.2,10.77,98.2,117.1,158.8,7.94,NA,NA,NA,NA,NA,NA,NA,NA,NA,NA,NA,NA,NA,NA,NA,NA,NA,NA,NA,NA,NA,NA,NA,NA,NA,NA,NA,NA,NA,NA,NA,NA,NA,NA,NA,NA,NA,NA,NA,NA,NA,NA,NA,NA,NA,NA,NA,NA,9,2,0,0,3,0,0,0,0,2.25,0.5,0,0,0.75,0,0,0,0,91,0.5,0,0,10.25,0,0,0,0,364,2,NA,NA,41,NA,NA,NA,NA,NA,NA,NA,NA,NA,NA,NA,NA,NA,94.25,2,NA,NA,13.6666666666667,NA,NA,NA,NA,9,2,NA,NA,3,NA,NA,NA,NA,364,2,NA,NA,41,NA,NA,NA,NA,4,4,NA,NA,4,NA,NA,NA,NA,NA,NA,NA,NA,NA,NA,NA,NA,NA,NA,NA,NA,NA,NA,NA,NA,NA,NA,13,2,NA,NA,9,NA,NA,NA,NA,263,2,NA,NA,19,NA,NA,NA,NA,3,3,1,0,0,1,0,1,0,0,0,0,NA,NA,NA,NA,NA,NA,0.018687996004486,5,"5_2",2025-07-16,"10:38:00",2025,"Jul",16,"Winter",1752662280,"2 Winter","Sandy",0
8,6,"2","8_2","6_2","Rotoiti","Control",54730,-38.0218725085535,176.348304238168,150,"Sandy",2025-07-16 10:25:00,"Sunny",NA,0,0,NA,220.524873221001,1741.06263130931,1738.07490007139,0.0115069839620712,NA,8,NA,NA,NA,NA,NA,NA,NA,NA,NA,NA,NA,NA,NA,NA,NA,NA,NA,NA,11.2,10.46,95.3,117.5,159.7,8.15,NA,NA,NA,NA,NA,NA,NA,NA,NA,NA,NA,NA,NA,NA,NA,NA,NA,NA,NA,NA,NA,NA,NA,NA,NA,NA,NA,NA,NA,NA,NA,NA,NA,NA,NA,NA,NA,NA,NA,NA,NA,NA,NA,NA,NA,NA,NA,NA,0,4,0,1,0,0,0,0,0,0,1,0,0.25,0,0,0,0,0,188.75,1,0,1.5,0,0,0,0,0,755,4,NA,6,NA,NA,NA,NA,NA,NA,NA,NA,65,NA,NA,NA,NA,NA,208.75,4,NA,6,NA,NA,NA,NA,NA,0,4,NA,1,NA,NA,NA,NA,NA,755,4,NA,6,NA,NA,NA,NA,NA,4,4,NA,4,NA,NA,NA,NA,NA,NA,NA,NA,65,NA,NA,NA,NA,NA,NA,NA,NA,65,NA,NA,NA,NA,NA,80,4,NA,6,NA,NA,NA,NA,NA,495,4,NA,6,NA,NA,NA,NA,NA,2,1,1,0,0,1,1,0,0,0,0,0,NA,NA,NA,NA,NA,NA,0.022673179342401,6,"6_2",2025-07-16,"10:25:00",2025,"Jul",16,"Winter",1752661500,"2 Winter","Sandy",0
9,7,"2","9_2","7_2","Rotoiti","Reef",54730,-38.0400700989088,176.368333417899,150,"Sandy",2025-07-16 12:03:00,"Sunny",NA,0,0,NA,130.678248479696,334.104864132139,332.37012426407,0.0601738800810806,1920,9,NA,NA,NA,NA,NA,NA,NA,NA,NA,NA,NA,NA,NA,NA,NA,NA,NA,NA,13,11.45,108.6,121.1,157.1,5.88,NA,NA,NA,NA,NA,NA,NA,NA,NA,NA,NA,NA,NA,NA,NA,NA,NA,NA,NA,NA,NA,NA,NA,NA,NA,NA,NA,NA,NA,NA,NA,NA,NA,NA,NA,NA,NA,NA,NA,NA,NA,NA,NA,NA,NA,NA,NA,NA,18,6,0,13,2,0,0,0,0,4.5,1.5,0,3.25,0.5,0,0,0,0,215,1.5,0,13.5,17.75,0,0,0,0,860,6,NA,54,71,NA,NA,NA,NA,NA,NA,NA,90.0416666666667,38,NA,NA,NA,NA,222.5,6,NA,7.29166666666667,35.5,NA,NA,NA,NA,18,6,NA,13,2,NA,NA,NA,NA,860,6,NA,54,71,NA,NA,NA,NA,4,4,NA,4,4,NA,NA,NA,NA,NA,NA,NA,50,35,NA,NA,NA,NA,NA,NA,NA,110,41,NA,NA,NA,NA,30,6,NA,1,30,NA,NA,NA,NA,588,6,NA,13,41,NA,NA,NA,NA,4,15,1,0,0,1,1,1,0,0,0,0,NA,NA,NA,NA,NA,NA,0.0382619147269706,7,"7_2",2025-07-16,"12:03:00",2025,"Jul",16,"Winter",1752667380,"2 Winter","Sandy",0
10,8,"2","10_2","8_2","Rotoiti","Control",54730,-38.0399884269911,176.367640974845,150,"Sandy",2025-07-16 12:00:00,"Windy waves",NA,0,0,NA,69.5081840126718,381.61439291614,380.359464057203,0.0525818387339829,NA,10,NA,NA,NA,NA,NA,NA,NA,NA,NA,NA,NA,NA,NA,NA,NA,NA,NA,NA,14.6,10.32,101.4,224.1,280,3.85,NA,NA,NA,NA,NA,NA,NA,NA,NA,NA,NA,NA,NA,NA,NA,NA,NA,NA,NA,NA,NA,NA,NA,NA,NA,NA,NA,NA,NA,NA,NA,NA,NA,NA,NA,NA,NA,NA,NA,NA,NA,NA,NA,NA,NA,NA,NA,NA,11,0,0,1,0,0,0,0,0,2.75,0,0,0.25,0,0,0,0,0,187,0,0,8.75,0,0,0,0,0,748,NA,NA,35,NA,NA,NA,NA,NA,NA,NA,NA,155,NA,NA,NA,NA,NA,192.5,NA,NA,35,NA,NA,NA,NA,NA,11,NA,NA,1,NA,NA,NA,NA,NA,748,NA,NA,35,NA,NA,NA,NA,NA,4,NA,NA,4,NA,NA,NA,NA,NA,NA,NA,NA,155,NA,NA,NA,NA,NA,NA,NA,NA,155,NA,NA,NA,NA,NA,22,NA,NA,35,NA,NA,NA,NA,NA,557,NA,NA,35,NA,NA,NA,NA,NA,2,1,1,0,0,0,1,0,0,0,0,0,NA,NA,NA,NA,NA,NA,0.0719339754163116,8,"8_2",2025-07-16,"12:00:00",2025,"Jul",16,"Winter",1752667200,"2 Winter","Sandy",0
11,9,"2","11_2","9_2","Rotoiti","Reef",54730,-38.0149838,176.4133799,150,"Sandy",2025-07-16 09:46:00,"Very windy big waves",NA,0,0,NA,168.339491020125,259.826404337621,256.267203593034,0.0780435409587606,3010,11,NA,NA,NA,NA,NA,NA,NA,NA,NA,NA,NA,NA,NA,NA,NA,NA,NA,NA,11.9,9.69,89.8,109.7,146.2,8.22,NA,NA,NA,NA,NA,NA,NA,NA,NA,NA,NA,NA,NA,NA,NA,NA,NA,NA,NA,NA,NA,NA,NA,NA,NA,NA,NA,NA,NA,NA,NA,NA,NA,NA,NA,NA,NA,NA,NA,NA,NA,NA,NA,NA,NA,NA,NA,NA,17,5,0,6,50,1,0,0,0,4.25,1.25,0,1.5,12.5,0.25,0,0,0,314.25,1.25,0,37.25,188,44,0,0,0,1257,5,NA,149,752,176,NA,NA,NA,NA,NA,NA,135.5,26.9950166112957,255,NA,NA,NA,314.25,5,NA,24.8333333333333,17.2956810631229,176,NA,NA,NA,17,5,NA,6,50,1,NA,NA,NA,1257,5,NA,149,752,176,NA,NA,NA,4,4,NA,4,4,4,NA,NA,NA,NA,NA,NA,105,14,255,NA,NA,NA,NA,NA,NA,173,41,255,NA,NA,NA,17,5,NA,10,3,176,NA,NA,NA,559,5,NA,64,50,176,NA,NA,NA,5,57,1,0,0,1,1,1,0,0,1,1,NA,NA,NA,NA,NA,NA,0.029701883792688,9,"9_2",2025-07-16,"09:46:00",2025,"Jul",16,"Winter",1752659160,"2 Winter","Sandy",0
12,10,"2","12_2","10_2","Rotoiti","Control",54730,-38.0149894250948,176.414205051426,150,"Rocky",2025-07-16 09:50:00,"Very windy big waves",NA,0,0,NA,138.622117701376,221.365381729161,219.146731835821,0.0912630539020928,NA,12,NA,NA,NA,NA,NA,NA,NA,NA,NA,NA,NA,NA,NA,NA,NA,NA,NA,NA,11.9,9.95,92.1,113.3,151.3,7.99,NA,NA,NA,NA,NA,NA,NA,NA,NA,NA,NA,NA,NA,NA,NA,NA,NA,NA,NA,NA,NA,NA,NA,NA,NA,NA,NA,NA,NA,NA,NA,NA,NA,NA,NA,NA,NA,NA,NA,NA,NA,NA,NA,NA,NA,NA,NA,NA,3,5,0,0,19,0,1,0,0,0.75,1.25,0,0,4.75,0,0.25,0,0,146,1.25,0,0,95.5,0,148.75,0,0,584,5,NA,NA,382,NA,595,NA,NA,NA,NA,NA,NA,27.7619047619048,NA,330,NA,NA,147.5,5,NA,NA,22.5535714285714,NA,595,NA,NA,3,5,NA,NA,19,NA,1,NA,NA,584,5,NA,NA,382,NA,595,NA,NA,4,4,NA,NA,4,NA,4,NA,NA,NA,NA,NA,NA,13,NA,330,NA,NA,NA,NA,NA,NA,41,NA,330,NA,NA,6,5,NA,NA,2,NA,595,NA,NA,439,5,NA,NA,51,NA,595,NA,NA,4,20,1,0,0,1,0,1,0,1,0,1,NA,NA,NA,NA,NA,NA,0.0360692801618509,10,"10_2",2025-07-16,"09:50:00",2025,"Jul",16,"Winter",1752659400,"2 Winter","Sandy",0
13,11,"2","13_2","11_2","Rotoiti","Reference",54730,-38.0276056022708,176.40494378912,150,"Rocky",2025-07-31 12:00:00,"Sunny",4.7,0,0,NA,38.942244562325,121.850769016352,119.249019758657,0.167716263332622,NA,13,NA,NA,NA,NA,NA,NA,NA,NA,NA,NA,NA,NA,NA,NA,NA,NA,NA,NA,12.1,10.24,95.4,114.4,151.7,6.52,NA,NA,NA,NA,NA,NA,NA,NA,NA,NA,NA,NA,NA,NA,NA,NA,NA,NA,NA,NA,NA,NA,NA,NA,NA,NA,NA,NA,NA,NA,NA,NA,NA,NA,NA,NA,NA,NA,NA,NA,NA,NA,NA,NA,NA,NA,NA,NA,2,0,3,5,0,0,1,0,0,0.5,0,0.75,1.25,0,0,0.25,0,0,159.75,18.5,14,25,0,0,17.5,0,0,639,74,56,100,NA,NA,70,NA,NA,NA,NA,NA,NA,NA,NA,180,NA,NA,160.25,74,56,100,NA,NA,70,NA,NA,2,0,3,5,NA,NA,1,NA,NA,639,74,56,100,NA,NA,70,NA,NA,4,4,4,4,NA,NA,4,NA,NA,NA,NA,NA,NA,NA,NA,180,NA,NA,NA,NA,NA,NA,NA,NA,180,NA,NA,2,74,56,100,NA,NA,70,NA,NA,513,74,56,100,NA,NA,70,NA,NA,4,9,1,0,1,1,1,0,0,1,0,1,1,0,0,1,1,NA,0.128395269871971,11,"11_2",2025-07-31,"12:00:00",2025,"Jul",31,"Winter",1753963200,"2 Winter","Sandy",0
14,12,"2","14_2","12_2","Rotoiti","Reference",54730,-38.027783,176.4042814,150,"Rocky",2025-07-31 11:50:00,"Sunny",4.7,0,0,NA,70.9186341457602,162.050124796368,160.734632833987,0.124428691237045,NA,14,NA,NA,NA,NA,NA,NA,NA,NA,NA,NA,NA,NA,NA,NA,NA,NA,NA,NA,12.1,10.24,95.4,114.4,151.7,6.52,NA,NA,NA,NA,NA,NA,NA,NA,NA,NA,NA,NA,NA,NA,NA,NA,NA,NA,NA,NA,NA,NA,NA,NA,NA,NA,NA,NA,NA,NA,NA,NA,NA,NA,NA,NA,NA,NA,NA,NA,NA,NA,NA,NA,NA,NA,NA,NA,12,0,1,29,2,0,2,0,0,3,0,0.25,7.25,0.5,0,0.5,0,0,1403.25,0,4.75,112.5,9.5,0,64,0,0,5613,NA,19,450,38,NA,256,NA,NA,NA,NA,NA,NA,29,NA,210,NA,NA,240.75,NA,19,64.2857142857143,19,NA,128,NA,NA,12,NA,1,29,2,NA,2,NA,NA,5613,NA,19,450,38,NA,256,NA,NA,4,NA,4,4,4,NA,4,NA,NA,NA,NA,NA,NA,23,NA,210,NA,NA,NA,NA,NA,NA,35,NA,210,NA,NA,15,NA,19,8,7,NA,128,NA,NA,608,NA,19,200,31,NA,128,NA,NA,5,34,1,0,1,0,1,1,0,1,0,1,NA,NA,NA,NA,NA,NA,0.0705033318848671,12,"12_2",2025-07-31,"11:50:00",2025,"Jul",31,"Winter",1753962600,"2 Winter","Sandy",0
15,13,"2","15_2","13_2","Rotoiti","Reference",54730,-38.0401949,176.3586787,150,"Sandy",2025-07-31 10:30:00,"Sunny",4.7,0,0,NA,63.3350158193617,218.544411001867,218.384482858113,0.0915815983729679,NA,15,NA,NA,NA,NA,NA,NA,NA,NA,NA,NA,NA,NA,NA,NA,NA,NA,NA,NA,11.9,10.42,96.4,126.2,168.5,6.45,NA,NA,NA,NA,NA,NA,NA,NA,NA,NA,NA,NA,NA,NA,NA,NA,NA,NA,NA,NA,NA,NA,NA,NA,NA,NA,NA,NA,NA,NA,NA,NA,NA,NA,NA,NA,NA,NA,NA,NA,NA,NA,NA,NA,NA,NA,NA,NA,14,0,1,0,1,0,0,0,0,3.5,0,0.25,0,0.25,0,0,0,0,709.25,63.75,12.5,0,6.25,0,0,0,0,2837,255,50,NA,25,NA,NA,NA,NA,NA,NA,90,NA,33,NA,NA,NA,NA,292.5,255,50,NA,25,NA,NA,NA,NA,14,0,1,NA,1,NA,NA,NA,NA,2837,255,50,NA,25,NA,NA,NA,NA,4,4,4,NA,4,NA,NA,NA,NA,NA,NA,90,NA,33,NA,NA,NA,NA,NA,NA,90,NA,33,NA,NA,NA,NA,22,255,50,NA,25,NA,NA,NA,NA,630,255,50,NA,25,NA,NA,NA,NA,3,2,1,0,1,1,0,1,0,0,0,0,NA,NA,NA,NA,NA,NA,0.0789452711950138,13,"13_2",2025-07-31,"10:30:00",2025,"Jul",31,"Winter",1753957800,"2 Winter","Sandy",0
16,14,"2","16_2","14_2","Rotoiti","Reference",54730,-38.0398114,176.3581623,150,"Sandy",2025-07-31 10:40:00,"Sunny",4.7,0,0,"1 Fyke had big hole in the top where it was repaired, the other fyke entrance was closed.",59.880478669367,183.129609879407,182.742768352052,0.109443455302539,NA,16,NA,NA,NA,NA,NA,NA,NA,NA,NA,NA,NA,NA,NA,NA,NA,NA,NA,NA,11.9,10.42,96.4,126.2,168.5,6.45,NA,NA,NA,NA,NA,NA,NA,NA,NA,NA,NA,NA,NA,NA,NA,NA,NA,NA,NA,NA,NA,NA,NA,NA,NA,NA,NA,NA,NA,NA,NA,NA,NA,NA,NA,NA,NA,NA,NA,NA,NA,NA,NA,NA,NA,NA,NA,NA,5,6,1,2,0,0,0,0,0,1.66666666666667,2,0.333333333333333,0.666666666666667,0,0,0,0,0,575.666666666667,2,14.3333333333333,7,0,0,0,0,0,1727,6,43,21,NA,NA,NA,NA,NA,NA,NA,120,92.5,NA,NA,NA,NA,NA,289.833333333333,6,43,10.5,NA,NA,NA,NA,NA,5,6,1,2,NA,NA,NA,NA,NA,1727,6,43,21,NA,NA,NA,NA,NA,3,3,3,3,NA,NA,NA,NA,NA,NA,NA,120,85,NA,NA,NA,NA,NA,NA,NA,120,100,NA,NA,NA,NA,NA,6,6,43,8,NA,NA,NA,NA,NA,635,6,43,13,NA,NA,NA,NA,NA,4,3,1,0,1,1,1,0,0,0,0,0,NA,NA,NA,NA,NA,NA,0.083499666520833,14,"14_2",2025-07-31,"10:40:00",2025,"Jul",31,"Winter",1753958400,"2 Winter","Sandy",0
17,15,"2","17_2","15_2","Rotoiti","Reference",54730,-38.0354320054637,176.345087343881,150,"Rocky",2025-07-31 10:15:00,"Sunny",4.7,0,0,NA,57.9411293181277,639.033952746429,638.656123016178,0.0313157570705595,NA,17,NA,NA,NA,NA,NA,NA,NA,NA,NA,NA,NA,NA,NA,NA,NA,NA,NA,NA,11.6,10.2,93.9,114.9,154.3,7.12,NA,NA,NA,NA,NA,NA,NA,NA,NA,NA,NA,NA,NA,NA,NA,NA,NA,NA,NA,NA,NA,NA,NA,NA,NA,NA,NA,NA,NA,NA,NA,NA,NA,NA,NA,NA,NA,NA,NA,NA,NA,NA,NA,NA,NA,NA,NA,NA,15,0,0,18,4,0,0,0,0,3.75,0,0,4.5,1,0,0,0,0,307.5,97,0,60.5,23.5,0,0,0,0,1230,388,NA,242,94,NA,NA,NA,NA,NA,NA,NA,145,31.25,NA,NA,NA,NA,210.666666666667,194,NA,60.5,23.5,NA,NA,NA,NA,15,0,NA,18,4,NA,NA,NA,NA,1230,388,NA,242,94,NA,NA,NA,NA,4,4,NA,4,4,NA,NA,NA,NA,NA,NA,NA,145,23,NA,NA,NA,NA,NA,NA,NA,145,39,NA,NA,NA,NA,17,66,NA,5,13,NA,NA,NA,NA,625,322,NA,204,33,NA,NA,NA,NA,3,22,1,0,0,1,1,1,0,0,0,0,NA,NA,NA,NA,NA,NA,0.0862944864700053,15,"15_2",2025-07-31,"10:15:00",2025,"Jul",31,"Winter",1753956900,"2 Winter","Sandy",0
18,16,"2","18_2","16_2","Rotoiti","Reference",54730,-38.035946522854,176.345727107707,150,"Rocky",2025-07-31 10:00:00,"Sunny",4.7,0,0,NA,27.586278169075,565.618637286375,565.447481720974,0.0353702167690778,NA,18,NA,NA,NA,NA,NA,NA,NA,NA,NA,NA,NA,NA,NA,NA,NA,NA,NA,NA,11.8,10.26,94.8,115.7,154.8,7.64,NA,NA,NA,NA,NA,NA,NA,NA,NA,NA,NA,NA,NA,NA,NA,NA,NA,NA,NA,NA,NA,NA,NA,NA,NA,NA,NA,NA,NA,NA,NA,NA,NA,NA,NA,NA,NA,NA,NA,NA,NA,NA,NA,NA,NA,NA,NA,NA,15,0,0,0,0,0,0,0,0,3.75,0,0,0,0,0,0,0,0,68,25,0,0,0,0,0,0,0,272,100,NA,NA,NA,NA,NA,NA,NA,NA,NA,NA,NA,NA,NA,NA,NA,NA,136,100,NA,NA,NA,NA,NA,NA,NA,15,0,NA,NA,NA,NA,NA,NA,NA,272,100,NA,NA,NA,NA,NA,NA,NA,4,4,NA,NA,NA,NA,NA,NA,NA,NA,NA,NA,NA,NA,NA,NA,NA,NA,NA,NA,NA,NA,NA,NA,NA,NA,NA,10,100,NA,NA,NA,NA,NA,NA,NA,262,100,NA,NA,NA,NA,NA,NA,NA,1,0,1,0,0,1,0,0,0,0,0,0,NA,NA,NA,NA,NA,NA,0.181249531718459,16,"16_2",2025-07-31,"10:00:00",2025,"Jul",31,"Winter",1753956000,"2 Winter","Sandy",0
19,17,"2","19_2","17_2","Rotoiti","Reference",54730,-38.0174132,176.3755268,150,"Rocky",2025-07-31 11:00:00,"Sunny",4.7,0,0,NA,13.9155980353024,411.557104130868,410.694566686954,0.0486979902396535,NA,19,NA,NA,NA,NA,NA,NA,NA,NA,NA,NA,NA,NA,NA,NA,NA,NA,NA,NA,12.3,10.02,98.6,115.3,152.3,6.39,NA,NA,NA,NA,NA,NA,NA,NA,NA,NA,NA,NA,NA,NA,NA,NA,NA,NA,NA,NA,NA,NA,NA,NA,NA,NA,NA,NA,NA,NA,NA,NA,NA,NA,NA,NA,NA,NA,NA,NA,NA,NA,NA,NA,NA,NA,NA,NA,18,0,11,4,8,0,0,0,0,4.5,0,2.75,1,2,0,0,0,0,139.75,6.25,97.75,23.75,39.5,0,0,0,0,559,25,391,95,158,NA,NA,NA,NA,NA,NA,109.909090909091,120,24.8571428571429,NA,NA,NA,NA,279.5,25,35.5454545454545,23.75,13,NA,NA,NA,NA,18,0,11,4,8,NA,NA,NA,NA,559,25,391,95,158,NA,NA,NA,NA,4,4,4,4,4,NA,NA,NA,NA,NA,NA,88,80,12,NA,NA,NA,NA,NA,NA,163,180,37,NA,NA,NA,NA,7,25,13,4,2,NA,NA,NA,NA,552,25,99,71,39,NA,NA,NA,NA,4,23,1,0,1,1,1,1,0,0,0,0,NA,NA,NA,NA,NA,NA,0.359309027705136,17,"17_2",2025-07-31,"11:00:00",2025,"Jul",31,"Winter",1753959600,"2 Winter","Sandy",0
20,18,"2","20_2","18_2","Rotoiti","Reference",54730,-38.0172588,176.3757789,150,"Rocky",2025-07-31 11:10:00,"Sunny",4.7,0,0,NA,10.2582815366794,393.995431341253,393.146305968451,0.0508716467543382,NA,20,NA,NA,NA,NA,NA,NA,NA,NA,NA,NA,NA,NA,NA,NA,NA,NA,NA,NA,12.3,10.02,98.6,115.3,152.3,6.39,NA,NA,NA,NA,NA,NA,NA,NA,NA,NA,NA,NA,NA,NA,NA,NA,NA,NA,NA,NA,NA,NA,NA,NA,NA,NA,NA,NA,NA,NA,NA,NA,NA,NA,NA,NA,NA,NA,NA,NA,NA,NA,NA,NA,NA,NA,NA,NA,1,1,9,0,0,0,3,0,0,0.25,0.25,2.25,0,0,0,0.75,0,0,24,0.25,106.5,0,0,0,317.75,0,0,96,1,426,NA,NA,NA,1271,NA,NA,NA,NA,123.111111111111,NA,NA,NA,288.333333333333,NA,NA,48,1,47.3333333333333,NA,NA,NA,423.666666666667,NA,NA,1,1,9,NA,NA,NA,3,NA,NA,96,1,426,NA,NA,NA,1271,NA,NA,4,4,4,NA,NA,NA,4,NA,NA,NA,NA,94,NA,NA,NA,180,NA,NA,NA,NA,205,NA,NA,NA,355,NA,NA,1,1,13,NA,NA,NA,71,NA,NA,95,1,195,NA,NA,NA,600,NA,NA,4,12,1,0,1,1,0,0,0,1,0,1,NA,NA,NA,NA,NA,NA,0.487411071934617,18,"18_2",2025-07-31,"11:10:00",2025,"Jul",31,"Winter",1753960200,"2 Winter","Sandy",0
21,19,"2","21_2","19_2","Rotoiti","Reference",54730,-38.01677,176.421,150,"Rocky",2025-07-31 11:20:00,"Sunny",4.7,0,0,"Both Fyke lose wind from south started in the middle of the night",142.695643156613,187.90193049333,187.539175274033,0.106644384943977,NA,21,NA,NA,NA,NA,NA,NA,NA,NA,NA,NA,NA,NA,NA,NA,NA,NA,NA,NA,12.2,9.93,92.6,116.3,153.8,6.59,NA,NA,NA,NA,NA,NA,NA,NA,NA,NA,NA,NA,NA,NA,NA,NA,NA,NA,NA,NA,NA,NA,NA,NA,NA,NA,NA,NA,NA,NA,NA,NA,NA,NA,NA,NA,NA,NA,NA,NA,NA,NA,NA,NA,NA,NA,NA,NA,1,0,0,81,24,0,0,0,0,0.25,0,0,20.25,6,0,0,0,0,207.75,86.75,0,279.5,94,0,0,0,0,831,347,NA,1118,376,NA,NA,NA,NA,NA,NA,NA,163.75,27.1214285714286,NA,NA,NA,NA,138.833333333333,173.5,NA,86,15.7,NA,NA,NA,NA,1,0,NA,81,24,NA,NA,NA,NA,831,347,NA,1118,376,NA,NA,NA,NA,4,4,NA,4,4,NA,NA,NA,NA,NA,NA,NA,80,18,NA,NA,NA,NA,NA,NA,NA,200,40,NA,NA,NA,NA,1,117,NA,3,6,NA,NA,NA,NA,480,230,NA,180,44,NA,NA,NA,NA,3,105,1,0,0,1,1,1,0,0,0,0,NA,NA,NA,NA,NA,NA,0.0350396122081481,19,"19_2",2025-07-31,"11:20:00",2025,"Jul",31,"Winter",1753960800,"2 Winter","Sandy",0
22,20,"2","22_2","20_2","Rotoiti","Reference",54730,-38.0170202210521,176.420489675691,150,"Rocky",2025-07-31 11:30:00,"Sunny",4.7,0,0,"Both Fyke lose wind from south started in the middle of the night",112.652050534812,153.52894194799,153.452603021804,0.130333403319057,NA,22,NA,NA,NA,NA,NA,NA,NA,NA,NA,NA,NA,NA,NA,NA,NA,NA,NA,NA,12.2,9.93,92.6,116.3,153.8,6.59,NA,NA,NA,NA,NA,NA,NA,NA,NA,NA,NA,NA,NA,NA,NA,NA,NA,NA,NA,NA,NA,NA,NA,NA,NA,NA,NA,NA,NA,NA,NA,NA,NA,NA,NA,NA,NA,NA,NA,NA,NA,NA,NA,NA,NA,NA,NA,NA,0,0,0,8,12,0,0,0,0,0,0,0,2,3,0,0,0,0,48.25,45,0,20,58.75,0,0,0,0,193,180,NA,80,235,NA,NA,NA,NA,NA,NA,NA,NA,26.7222222222222,NA,NA,NA,NA,193,180,NA,80,15.5,NA,NA,NA,NA,0,0,NA,8,12,NA,NA,NA,NA,193,180,NA,80,235,NA,NA,NA,NA,4,4,NA,4,4,NA,NA,NA,NA,NA,NA,NA,NA,14,NA,NA,NA,NA,NA,NA,NA,NA,42,NA,NA,NA,NA,193,180,NA,80,3,NA,NA,NA,NA,193,180,NA,80,50,NA,NA,NA,NA,2,20,1,0,0,1,1,1,0,0,0,0,NA,NA,NA,NA,NA,NA,0.0443844561751221,20,"20_2",2025-07-31,"11:30:00",2025,"Jul",31,"Winter",1753961400,"2 Winter","Sandy",0
3,1,"3","3_3","1_3","Rotoiti","Reef",54730,-38.0526673079263,176.47144524762,150,"Rocky",2025-10-21 12:58:00,"Windy waves",NA,0,0,"Both Fyke and boxes lose and wased to shore due to heavy wind",82.9889020904982,164.450019734722,163.768266763249,0.122123781336179,3040,3,NA,NA,NA,NA,NA,NA,NA,NA,NA,NA,NA,NA,NA,NA,NA,NA,NA,NA,15.7,10.66,107.3,116.9,142.2,6.5,NA,NA,NA,NA,NA,NA,NA,NA,NA,NA,NA,NA,NA,NA,NA,NA,NA,NA,NA,NA,NA,NA,NA,NA,NA,NA,NA,NA,NA,NA,NA,NA,NA,NA,NA,NA,NA,NA,NA,NA,NA,NA,NA,NA,NA,NA,NA,NA,NA,NA,NA,NA,NA,NA,NA,NA,NA,NA,NA,NA,NA,NA,NA,NA,NA,NA,NA,NA,NA,NA,NA,NA,NA,NA,NA,NA,NA,NA,NA,NA,NA,NA,NA,NA,NA,NA,NA,NA,NA,NA,NA,NA,NA,NA,NA,NA,NA,NA,NA,NA,NA,NA,NA,NA,NA,NA,NA,NA,NA,NA,NA,NA,NA,NA,NA,NA,NA,NA,NA,NA,NA,NA,NA,NA,NA,NA,NA,NA,NA,NA,NA,NA,NA,NA,NA,NA,NA,NA,NA,NA,NA,NA,NA,NA,NA,NA,NA,NA,NA,NA,NA,NA,NA,NA,NA,NA,NA,NA,NA,NA,NA,NA,NA,NA,NA,NA,NA,NA,NA,NA,NA,NA,NA,NA,NA,NA,NA,NA,NA,NA,NA,NA,NA,0.0602490197369712,1,"1_3",2025-10-21,"12:58:00",2025,"Oct",21,"Spring",1761051480,"3 Spring","Sandy",0
4,2,"3","4_3","2_3","Rotoiti","Control",54730,-38.0529135570371,176.470933127575,150,"Rocky",2025-10-21 13:18:00,"Windy waves",NA,0,0,"Both Fyke and boxes lose and wased to shore due to heavy wind",105.445519540936,180.302636624781,179.82545515734,0.111218959420961,NA,4,NA,NA,NA,NA,NA,NA,NA,NA,NA,NA,NA,NA,NA,NA,NA,NA,NA,NA,15.6,11.21,112.6,118,143.9,7.7,NA,NA,NA,NA,NA,NA,NA,NA,NA,NA,NA,NA,NA,NA,NA,NA,NA,NA,NA,NA,NA,NA,NA,NA,NA,NA,NA,NA,NA,NA,NA,NA,NA,NA,NA,NA,NA,NA,NA,NA,NA,NA,NA,NA,NA,NA,NA,NA,NA,NA,NA,NA,NA,NA,NA,NA,NA,NA,NA,NA,NA,NA,NA,NA,NA,NA,NA,NA,NA,NA,NA,NA,NA,NA,NA,NA,NA,NA,NA,NA,NA,NA,NA,NA,NA,NA,NA,NA,NA,NA,NA,NA,NA,NA,NA,NA,NA,NA,NA,NA,NA,NA,NA,NA,NA,NA,NA,NA,NA,NA,NA,NA,NA,NA,NA,NA,NA,NA,NA,NA,NA,NA,NA,NA,NA,NA,NA,NA,NA,NA,NA,NA,NA,NA,NA,NA,NA,NA,NA,NA,NA,NA,NA,NA,NA,NA,NA,NA,NA,NA,NA,NA,NA,NA,NA,NA,NA,NA,NA,NA,NA,NA,NA,NA,NA,NA,NA,NA,NA,NA,NA,NA,NA,NA,NA,NA,NA,NA,NA,NA,NA,NA,NA,0.047417851623927,2,"2_3",2025-10-21,"13:18:00",2025,"Oct",21,"Spring",1761052680,"3 Spring","Sandy",0
5,3,"3","5_3","3_3","Rotoiti","Reef",54730,-38.047698100528,176.341122568488,150,"Sandy",2025-10-21 11:31:00,"Sunny",NA,0,0,NA,75.1030427476967,1429.22107248619,1427.76371668429,0.0140079200544795,1980,5,NA,NA,NA,NA,NA,NA,NA,NA,NA,NA,NA,NA,NA,NA,NA,NA,NA,NA,15.6,10.37,104.3,128,155.9,7.45,NA,NA,NA,NA,NA,NA,NA,NA,NA,NA,NA,NA,NA,NA,NA,NA,NA,NA,NA,NA,NA,NA,NA,NA,NA,NA,NA,NA,NA,NA,NA,NA,NA,NA,NA,NA,NA,NA,NA,NA,NA,NA,NA,NA,NA,NA,NA,NA,8,0,0,1,0,0,0,0,0,2,0,0,0.25,0,0,0,0,0,475,0,0,0,0,0,0,0,0,1900,NA,NA,0,NA,NA,NA,NA,NA,NA,NA,NA,75,NA,NA,NA,NA,NA,1900,NA,NA,NA,NA,NA,NA,NA,NA,8,NA,NA,1,NA,NA,NA,NA,NA,1900,NA,NA,0,NA,NA,NA,NA,NA,4,NA,NA,4,NA,NA,NA,NA,NA,NA,NA,NA,75,NA,NA,NA,NA,NA,NA,NA,NA,75,NA,NA,NA,NA,NA,1900,NA,NA,NA,NA,NA,NA,NA,NA,1900,NA,NA,NA,NA,NA,NA,NA,NA,2,1,1,0,0,0,1,0,0,0,0,0,1,0,0,1,1,NA,0.0665751987811884,3,"3_3",2025-10-21,"11:31:00",2025,"Oct",21,"Spring",1761046260,"3 Spring","Sandy",0
6,4,"3","6_3","4_3","Rotoiti","Control",54730,-38.0480187161085,176.341484639114,150,"Sandy",2025-10-21 11:13:00,"Sunny",NA,0,0,NA,73.1064213892519,1435.7027457702,1433.76093577721,0.0139493269072493,NA,6,NA,NA,NA,NA,NA,NA,NA,NA,NA,NA,NA,NA,NA,NA,NA,NA,NA,NA,15.7,10.33,103.9,129.2,157.3,7.61,NA,NA,NA,NA,NA,NA,NA,NA,NA,NA,NA,NA,NA,NA,NA,NA,NA,NA,NA,NA,NA,NA,NA,NA,NA,NA,NA,NA,NA,NA,NA,NA,NA,NA,NA,NA,NA,NA,NA,NA,NA,NA,NA,NA,NA,NA,NA,NA,2,0,2,2,0,0,0,0,0,0.5,0,0.5,0.5,0,0,0,0,0,475,0,0,0,0,0,0,0,0,1900,NA,0,0,NA,NA,NA,NA,NA,NA,NA,92,96.5,NA,NA,NA,NA,NA,1900,NA,NA,NA,NA,NA,NA,NA,NA,2,NA,2,2,NA,NA,NA,NA,NA,1900,NA,0,0,NA,NA,NA,NA,NA,4,NA,4,4,NA,NA,NA,NA,NA,NA,NA,85,78,NA,NA,NA,NA,NA,NA,NA,99,115,NA,NA,NA,NA,NA,1900,NA,NA,NA,NA,NA,NA,NA,NA,1900,NA,NA,NA,NA,NA,NA,NA,NA,3,4,1,0,1,0,1,0,0,0,0,0,0,0,1,1,1,NA,0.0683934448572954,4,"4_3",2025-10-21,"11:13:00",2025,"Oct",21,"Spring",1761045180,"3 Spring","Sandy",0
7,5,"3","7_3","5_3","Rotoiti","Reef",54730,-38.0222760864304,176.348643537609,150,"Sandy",2025-10-21 10:46:00,"Sunny",NA,0,0,NA,267.55142706579,1689.68543182272,1687.01869857311,0.0118552331500037,3700,7,NA,NA,NA,NA,NA,NA,NA,NA,NA,NA,NA,NA,NA,NA,NA,NA,NA,NA,16.4,9.97,102,142.6,170.6,7.48,NA,NA,NA,NA,NA,NA,NA,NA,NA,NA,NA,NA,NA,NA,NA,NA,NA,NA,NA,NA,NA,NA,NA,NA,NA,NA,NA,NA,NA,NA,NA,NA,NA,NA,NA,NA,NA,NA,NA,NA,NA,NA,NA,NA,NA,NA,NA,NA,20,31,38,0,5,0,2,0,0,5,7.75,9.5,0,1.25,0,0.5,0,0,200,0,0,0,0,0,0,0,0,800,0,0,NA,0,NA,0,NA,NA,NA,NA,124.236842105263,NA,34.6,NA,350,NA,NA,800,NA,NA,NA,NA,NA,NA,NA,NA,20,31,38,NA,5,NA,2,NA,NA,800,0,0,NA,0,NA,0,NA,NA,4,4,4,NA,4,NA,4,NA,NA,NA,NA,50,NA,29,NA,330,NA,NA,NA,NA,220,NA,44,NA,370,NA,NA,800,NA,NA,NA,NA,NA,NA,NA,NA,800,NA,NA,NA,NA,NA,NA,NA,NA,5,45,1,0,1,1,0,1,0,1,0,1,NA,NA,NA,NA,NA,NA,0.018687996004486,5,"5_3",2025-10-21,"10:46:00",2025,"Oct",21,"Spring",1761043560,"3 Spring","Sandy",0
8,6,"3","8_3","6_3","Rotoiti","Control",54730,-38.0218725085535,176.348304238168,150,"Sandy",2025-10-21 10:31:00,"Sunny",NA,0,0,NA,220.524873221001,1741.06263130931,1738.07490007139,0.0115069839620712,NA,8,NA,NA,NA,NA,NA,NA,NA,NA,NA,NA,NA,NA,NA,NA,NA,NA,NA,NA,16.2,9.6,97.7,143.6,172.6,7.93,NA,NA,NA,NA,NA,NA,NA,NA,NA,NA,NA,NA,NA,NA,NA,NA,NA,NA,NA,NA,NA,NA,NA,NA,NA,NA,NA,NA,NA,NA,NA,NA,NA,NA,NA,NA,NA,NA,NA,NA,NA,NA,NA,NA,NA,NA,NA,NA,6,0,29,0,1,1,2,0,0,1.5,0,7.25,0,0.25,0.25,0.5,0,0,75,0,0,0,0,0,0,0,0,300,NA,0,NA,0,0,0,NA,NA,NA,NA,132.172413793103,NA,23,40,95,NA,NA,300,NA,NA,NA,NA,NA,NA,NA,NA,6,NA,29,NA,1,1,2,NA,NA,300,NA,0,NA,0,0,0,NA,NA,4,NA,4,NA,4,4,4,NA,NA,NA,NA,60,NA,23,40,90,NA,NA,NA,NA,200,NA,23,40,100,NA,NA,300,NA,NA,NA,NA,NA,NA,NA,NA,300,NA,NA,NA,NA,NA,NA,NA,NA,5,33,1,0,1,0,0,1,0,1,1,1,1,0,0,1,1,NA,0.022673179342401,6,"6_3",2025-10-21,"10:31:00",2025,"Oct",21,"Spring",1761042660,"3 Spring","Sandy",0
9,7,"3","9_3","7_3","Rotoiti","Reef",54730,-38.0400700989088,176.368333417899,150,"Sandy",2025-10-21 12:24:00,"Sunny",NA,0,0,NA,130.678248479696,334.104864132139,332.37012426407,0.0601738800810806,1920,9,NA,NA,NA,NA,NA,NA,NA,NA,NA,NA,NA,NA,NA,NA,NA,NA,NA,NA,17.3,10.26,106.8,168.3,197.5,4.97,NA,NA,NA,NA,NA,NA,NA,NA,NA,NA,NA,NA,NA,NA,NA,NA,NA,NA,NA,NA,NA,NA,NA,NA,NA,NA,NA,NA,NA,NA,NA,NA,NA,NA,NA,NA,NA,NA,NA,NA,NA,NA,NA,NA,NA,NA,NA,NA,0,10,11,21,4,0,0,0,0,0,2.5,2.75,5.25,1,0,0,0,0,75,0,0,0,0,0,0,0,0,300,0,0,0,0,NA,NA,NA,NA,NA,NA,162.181818181818,74.5238095238095,32.8333333333333,NA,NA,NA,NA,300,NA,NA,NA,NA,NA,NA,NA,NA,0,10,11,21,4,NA,NA,NA,NA,300,0,0,0,0,NA,NA,NA,NA,4,4,4,4,4,NA,NA,NA,NA,NA,NA,102,60,29,NA,NA,NA,NA,NA,NA,205,110,40,NA,NA,NA,NA,300,NA,NA,NA,NA,NA,NA,NA,NA,300,NA,NA,NA,NA,NA,NA,NA,NA,4,36,1,0,1,1,1,1,0,0,0,0,NA,NA,NA,NA,NA,NA,0.0382619147269706,7,"7_3",2025-10-21,"12:24:00",2025,"Oct",21,"Spring",1761049440,"3 Spring","Sandy",0
10,8,"3","10_3","8_3","Rotoiti","Control",54730,-38.0399884269911,176.367640974845,150,"Sandy",2025-10-21 12:19:00,"Sunny",NA,0,0,NA,69.5081840126718,381.61439291614,380.359464057203,0.0525818387339829,NA,10,NA,NA,NA,NA,NA,NA,NA,NA,NA,NA,NA,NA,NA,NA,NA,NA,NA,NA,16.7,10.31,106.1,162.9,193.4,6.16,NA,NA,NA,NA,NA,NA,NA,NA,NA,NA,NA,NA,NA,NA,NA,NA,NA,NA,NA,NA,NA,NA,NA,NA,NA,NA,NA,NA,NA,NA,NA,NA,NA,NA,NA,NA,NA,NA,NA,NA,NA,NA,NA,NA,NA,NA,NA,NA,0,3,0,4,0,0,0,0,0,0,0.75,0,1,0,0,0,0,0,50,0,0,0,0,0,0,0,0,200,0,NA,0,NA,NA,NA,NA,NA,NA,NA,NA,78.75,NA,NA,NA,NA,NA,200,NA,NA,NA,NA,NA,NA,NA,NA,0,3,NA,4,NA,NA,NA,NA,NA,200,0,NA,0,NA,NA,NA,NA,NA,4,4,NA,4,NA,NA,NA,NA,NA,NA,NA,NA,60,NA,NA,NA,NA,NA,NA,NA,NA,95,NA,NA,NA,NA,NA,200,NA,NA,NA,NA,NA,NA,NA,NA,200,NA,NA,NA,NA,NA,NA,NA,NA,2,4,1,0,0,1,1,0,0,0,0,0,NA,NA,NA,NA,NA,NA,0.0719339754163116,8,"8_3",2025-10-21,"12:19:00",2025,"Oct",21,"Spring",1761049140,"3 Spring","Sandy",0
11,9,"3","11_3","9_3","Rotoiti","Reef",54730,-38.0149838,176.4133799,150,"Sandy",2025-10-21 09:42:00,"Sunny",NA,0,0,NA,168.339491020125,259.826404337621,256.267203593034,0.0780435409587606,3010,11,NA,NA,NA,NA,NA,NA,NA,NA,NA,NA,NA,NA,NA,NA,NA,NA,NA,NA,14.8,10.25,101.3,121.2,150.4,8.24,NA,NA,NA,NA,NA,NA,NA,NA,NA,NA,NA,NA,NA,NA,NA,NA,NA,NA,NA,NA,NA,NA,NA,NA,NA,NA,NA,NA,NA,NA,NA,NA,NA,NA,NA,NA,NA,NA,NA,NA,NA,NA,NA,NA,NA,NA,NA,NA,2,40,2,0,18,0,1,0,0,0.5,10,0.5,0,4.5,0,0.25,0,0,150,0,0,0,0,0,0,0,0,600,0,0,NA,0,NA,0,NA,NA,NA,NA,174,NA,30.1607142857143,NA,350,NA,NA,600,NA,NA,NA,NA,NA,NA,NA,NA,2,40,2,NA,18,NA,1,NA,NA,600,0,0,NA,0,NA,0,NA,NA,4,4,4,NA,4,NA,4,NA,NA,NA,NA,170,NA,23,NA,350,NA,NA,NA,NA,178,NA,40,NA,350,NA,NA,600,NA,NA,NA,NA,NA,NA,NA,NA,600,NA,NA,NA,NA,NA,NA,NA,NA,5,21,1,0,1,1,0,1,0,1,0,1,NA,NA,NA,NA,NA,NA,0.029701883792688,9,"9_3",2025-10-21,"09:42:00",2025,"Oct",21,"Spring",1761039720,"3 Spring","Sandy",0
12,10,"3","12_3","10_3","Rotoiti","Control",54730,-38.0149894250948,176.414205051426,150,"Rocky",2025-10-21 09:42:00,"Sunny",NA,0,0,NA,138.622117701376,221.365381729161,219.146731835821,0.0912630539020928,NA,12,NA,NA,NA,NA,NA,NA,NA,NA,NA,NA,NA,NA,NA,NA,NA,NA,NA,NA,14.8,10.25,101.3,121.2,150.4,8.24,NA,NA,NA,NA,NA,NA,NA,NA,NA,NA,NA,NA,NA,NA,NA,NA,NA,NA,NA,NA,NA,NA,NA,NA,NA,NA,NA,NA,NA,NA,NA,NA,NA,NA,NA,NA,NA,NA,NA,NA,NA,NA,NA,NA,NA,NA,NA,NA,5,4,2,0,6,0,0,0,0,1.25,1,0.5,0,1.5,0,0,0,0,100,0,0,0,0,0,0,0,0,400,0,0,NA,0,NA,NA,NA,NA,NA,NA,126,NA,26.3333333333333,NA,NA,NA,NA,400,NA,NA,NA,NA,NA,NA,NA,NA,5,4,2,NA,6,NA,NA,NA,NA,400,0,0,NA,0,NA,NA,NA,NA,4,4,4,NA,4,NA,NA,NA,NA,NA,NA,101,NA,18,NA,NA,NA,NA,NA,NA,151,NA,33,NA,NA,NA,NA,400,NA,NA,NA,NA,NA,NA,NA,NA,400,NA,NA,NA,NA,NA,NA,NA,NA,4,8,1,0,1,1,0,1,0,0,0,0,NA,NA,NA,NA,NA,NA,0.0360692801618509,10,"10_3",2025-10-21,"09:42:00",2025,"Oct",21,"Spring",1761039720,"3 Spring","Sandy",0
13,11,"3","13_3","11_3","Rotoiti","Reference",54730,-38.0276056022708,176.40494378912,150,"Rocky",2025-11-10 12:39:00,"Cloudy",3.5,0,0,NA,38.942244562325,121.850769016352,119.249019758657,0.167716263332622,NA,13,NA,NA,NA,NA,NA,NA,NA,NA,NA,NA,NA,NA,NA,NA,NA,NA,NA,NA,20.3,9.99,110.5,139.5,153.4,8.35,NA,NA,NA,NA,NA,NA,NA,NA,NA,NA,NA,NA,NA,NA,NA,NA,NA,NA,NA,NA,NA,NA,NA,NA,NA,NA,NA,NA,NA,NA,NA,NA,NA,NA,NA,NA,NA,NA,NA,NA,NA,NA,NA,NA,NA,NA,NA,NA,13,0,11,1,1,0,2,0,0,3.25,0,2.75,0.25,0.25,0,0.5,0,0,508.75,168.25,150,1,14.25,0,139,0,0,2035,673,600,4,57,NA,556,NA,NA,NA,NA,NA,20,44.79,NA,240,NA,NA,678.333333333333,673,600,4,57,NA,278,NA,NA,13,0,11,1,1,NA,2,NA,NA,2035,673,600,4,57,NA,556,NA,NA,4,4,4,4,4,NA,4,NA,NA,NA,NA,NA,20,44.79,NA,190,NA,NA,NA,NA,NA,20,44.79,NA,290,NA,NA,650,673,600,4,57,NA,121,NA,NA,705,673,600,4,57,NA,435,NA,NA,5,15,1,0,1,1,1,1,0,1,0,1,NA,NA,NA,NA,NA,NA,0.128395269871971,11,"11_3",2025-11-10,"12:39:00",2025,"Nov",10,"Spring",1762778340,"3 Spring","Sandy",0
14,12,"3","14_3","12_3","Rotoiti","Reference",54730,-38.027783,176.4042814,150,"Rocky",2025-11-10 12:39:00,"Cloudy",3.5,0,0,NA,70.9186341457602,162.050124796368,160.734632833987,0.124428691237045,NA,14,NA,NA,NA,NA,NA,NA,NA,NA,NA,NA,NA,NA,NA,NA,NA,NA,NA,NA,20.3,9.99,110.5,139.5,153.4,8.35,NA,NA,NA,NA,NA,NA,NA,NA,NA,NA,NA,NA,NA,NA,NA,NA,NA,NA,NA,NA,NA,NA,NA,NA,NA,NA,NA,NA,NA,NA,NA,NA,NA,NA,NA,NA,NA,NA,NA,NA,NA,NA,NA,NA,NA,NA,NA,NA,13,0,6,1,0,0,3,0,0,3.25,0,1.5,0.25,0,0,0.75,0,0,2119,167,205.25,8.25,0,0,4,0,0,8476,668,821,33,NA,NA,16,NA,NA,NA,NA,203.333333333333,145,NA,NA,66,NA,NA,652,668,205.25,33,NA,NA,5.33333333333333,NA,NA,13,0,6,1,NA,NA,3,NA,NA,8476,668,821,33,NA,NA,16,NA,NA,4,4,4,4,NA,NA,4,NA,NA,NA,NA,200,145,NA,NA,55,NA,NA,NA,NA,210,145,NA,NA,80,NA,NA,260,668,177,33,NA,NA,3,NA,NA,755,668,230,33,NA,NA,8,NA,NA,4,10,1,0,1,1,1,0,0,1,0,1,NA,NA,NA,NA,NA,NA,0.0705033318848671,12,"12_3",2025-11-10,"12:39:00",2025,"Nov",10,"Spring",1762778340,"3 Spring","Sandy",0
15,13,"3","15_3","13_3","Rotoiti","Reference",54730,-38.0401949,176.3586787,150,"Sandy",2025-11-10 11:14:00,"Cloudy",3.5,0,0,NA,63.3350158193617,218.544411001867,218.384482858113,0.0915815983729679,NA,15,NA,NA,NA,NA,NA,NA,NA,NA,NA,NA,NA,NA,NA,NA,NA,NA,NA,NA,20.6,10.37,115.4,148,161.6,8.58,NA,NA,NA,NA,NA,NA,NA,NA,NA,NA,NA,NA,NA,NA,NA,NA,NA,NA,NA,NA,NA,NA,NA,NA,NA,NA,NA,NA,NA,NA,NA,NA,NA,NA,NA,NA,NA,NA,NA,NA,NA,NA,NA,NA,NA,NA,NA,NA,1,3,14,1,0,0,0,0,0,0.25,0.75,3.5,0.25,0,0,0,0,0,691.75,0,158.5,2.5,0,0,0,0,0,2767,0,634,10,NA,NA,NA,NA,NA,NA,NA,113.071428571429,95,NA,NA,NA,NA,NA,553.4,NA,45.2857142857143,10,NA,NA,NA,NA,NA,1,3,14,1,NA,NA,NA,NA,NA,2767,0,634,10,NA,NA,NA,NA,NA,4,4,4,4,NA,NA,NA,NA,NA,NA,NA,60,95,NA,NA,NA,NA,NA,NA,NA,190,95,NA,NA,NA,NA,NA,340,NA,5,10,NA,NA,NA,NA,NA,635,NA,156,10,NA,NA,NA,NA,NA,4,15,1,0,1,1,1,0,0,0,0,0,NA,NA,NA,NA,NA,NA,0.0789452711950138,13,"13_3",2025-11-10,"11:14:00",2025,"Nov",10,"Spring",1762773240,"3 Spring","Sandy",0
16,14,"3","16_3","14_3","Rotoiti","Reference",54730,-38.0398114,176.3581623,150,"Sandy",2025-11-10 11:14:00,"Cloudy",3.5,0,0,NA,59.880478669367,183.129609879407,182.742768352052,0.109443455302539,NA,16,NA,NA,NA,NA,NA,NA,NA,NA,NA,NA,NA,NA,NA,NA,NA,NA,NA,NA,20.6,10.37,115.4,148,161.6,8.58,NA,NA,NA,NA,NA,NA,NA,NA,NA,NA,NA,NA,NA,NA,NA,NA,NA,NA,NA,NA,NA,NA,NA,NA,NA,NA,NA,NA,NA,NA,NA,NA,NA,NA,NA,NA,NA,NA,NA,NA,NA,NA,NA,NA,NA,NA,NA,NA,3,0,9,2,0,0,0,0,0,0.75,0,2.25,0.5,0,0,0,0,0,400,0,61,21,0,0,0,0,0,1600,NA,244,84,NA,NA,NA,NA,NA,NA,NA,104.888888888889,150,NA,NA,NA,NA,NA,533.333333333333,NA,27.1111111111111,42,NA,NA,NA,NA,NA,3,NA,9,2,NA,NA,NA,NA,NA,1600,NA,244,84,NA,NA,NA,NA,NA,4,NA,4,4,NA,NA,NA,NA,NA,NA,NA,90,125,NA,NA,NA,NA,NA,NA,NA,130,175,NA,NA,NA,NA,NA,358,NA,14,30,NA,NA,NA,NA,NA,640,NA,60,54,NA,NA,NA,NA,NA,3,11,1,0,1,0,1,0,0,0,0,0,NA,NA,NA,NA,NA,NA,0.083499666520833,14,"14_3",2025-11-10,"11:14:00",2025,"Nov",10,"Spring",1762773240,"3 Spring","Sandy",0
17,15,"3","17_3","15_3","Rotoiti","Reference",54730,-38.0354320054637,176.345087343881,150,"Rocky",2025-11-10 12:59:00,"Cloudy",3.5,0,0,NA,57.9411293181277,639.033952746429,638.656123016178,0.0313157570705595,NA,17,NA,NA,NA,NA,NA,NA,NA,NA,NA,NA,NA,NA,NA,NA,NA,NA,NA,NA,20.6,9.85,109.7,95.3,104,8.17,NA,NA,NA,NA,NA,NA,NA,NA,NA,NA,NA,NA,NA,NA,NA,NA,NA,NA,NA,NA,NA,NA,NA,NA,NA,NA,NA,NA,NA,NA,NA,NA,NA,NA,NA,NA,NA,NA,NA,NA,NA,NA,NA,NA,NA,NA,NA,NA,2,12,5,0,1,0,0,0,0,0.5,3,1.25,0,0.25,0,0,0,0,431,0,12.5,0,5.25,0,0,0,0,1724,0,50,NA,21,NA,NA,NA,NA,NA,NA,86.6,NA,30.37,NA,NA,NA,NA,431,NA,10,NA,21,NA,NA,NA,NA,2,12,5,NA,1,NA,NA,NA,NA,1724,0,50,NA,21,NA,NA,NA,NA,4,4,4,NA,4,NA,NA,NA,NA,NA,NA,55,NA,30.37,NA,NA,NA,NA,NA,NA,115,NA,30.37,NA,NA,NA,NA,228,NA,1,NA,21,NA,NA,NA,NA,612,NA,19,NA,21,NA,NA,NA,NA,4,6,1,0,1,1,0,1,0,0,0,0,NA,NA,NA,NA,NA,NA,0.0862944864700053,15,"15_3",2025-11-10,"12:59:00",2025,"Nov",10,"Spring",1762779540,"3 Spring","Sandy",0
18,16,"3","18_3","16_3","Rotoiti","Reference",54730,-38.035946522854,176.345727107707,150,"Rocky",2025-11-10 12:59:00,"Cloudy",3.5,0,0,NA,27.586278169075,565.618637286375,565.447481720974,0.0353702167690778,NA,18,NA,NA,NA,NA,NA,NA,NA,NA,NA,NA,NA,NA,NA,NA,NA,NA,NA,NA,20.6,9.85,109.7,95.3,104,8.17,NA,NA,NA,NA,NA,NA,NA,NA,NA,NA,NA,NA,NA,NA,NA,NA,NA,NA,NA,NA,NA,NA,NA,NA,NA,NA,NA,NA,NA,NA,NA,NA,NA,NA,NA,NA,NA,NA,NA,NA,NA,NA,NA,NA,NA,NA,NA,NA,51,20,11,0,1,0,0,0,0,12.75,5,2.75,0,0.25,0,0,0,0,254,4.75,77.25,0,0,0,0,0,0,1016,19,309,NA,0,NA,NA,NA,NA,NA,NA,100.818181818182,NA,40.08,NA,NA,NA,NA,338.666666666667,19,28.0909090909091,NA,NA,NA,NA,NA,NA,51,20,11,NA,1,NA,NA,NA,NA,1016,19,309,NA,0,NA,NA,NA,NA,4,4,4,NA,4,NA,NA,NA,NA,NA,NA,55,NA,40.08,NA,NA,NA,NA,NA,NA,130,NA,40.08,NA,NA,NA,NA,94,19,4,NA,NA,NA,NA,NA,NA,544,19,55,NA,NA,NA,NA,NA,NA,4,12,1,0,1,1,0,1,0,0,0,0,NA,NA,NA,NA,NA,NA,0.181249531718459,16,"16_3",2025-11-10,"12:59:00",2025,"Nov",10,"Spring",1762779540,"3 Spring","Sandy",0
19,17,"3","19_3","17_3","Rotoiti","Reference",54730,-38.0174132,176.3755268,150,"Rocky",2025-11-10 11:34:00,"Cloudy",3.5,0,0,NA,13.9155980353024,411.557104130868,410.694566686954,0.0486979902396535,NA,19,NA,NA,NA,NA,NA,NA,NA,NA,NA,NA,NA,NA,NA,NA,NA,NA,NA,NA,19.4,10.31,112.1,137.8,154.3,8.09,NA,NA,NA,NA,NA,NA,NA,NA,NA,NA,NA,NA,NA,NA,NA,NA,NA,NA,NA,NA,NA,NA,NA,NA,NA,NA,NA,NA,NA,NA,NA,NA,NA,NA,NA,NA,NA,NA,NA,NA,NA,NA,NA,NA,NA,NA,NA,NA,3,3,44,1,18,0,1,0,0,0.75,0.75,11,0.25,4.5,0,0.25,0,0,175.25,0,312,5.25,82.5,0,73.75,0,0,701,0,1248,21,330,NA,295,NA,NA,NA,NA,50,120,26.0088235294118,NA,290,NA,NA,350.5,NA,312,21,14.4117647058824,NA,295,NA,NA,3,3,44,1,18,NA,1,NA,NA,701,0,1248,21,330,NA,295,NA,NA,4,4,4,4,4,NA,4,NA,NA,NA,NA,50,120,17.19,NA,290,NA,NA,NA,NA,50,120,40.04,NA,290,NA,NA,133,NA,5,21,3,NA,295,NA,NA,568,NA,1200,21,48,NA,295,NA,NA,6,64,1,0,1,1,1,1,0,1,0,1,NA,NA,NA,NA,NA,NA,0.359309027705136,17,"17_3",2025-11-10,"11:34:00",2025,"Nov",10,"Spring",1762774440,"3 Spring","Sandy",0
20,18,"3","20_3","18_3","Rotoiti","Reference",54730,-38.0172588,176.3757789,150,"Rocky",2025-11-10 11:34:00,"Cloudy",3.5,0,0,NA,10.2582815366794,393.995431341253,393.146305968451,0.0508716467543382,NA,20,NA,NA,NA,NA,NA,NA,NA,NA,NA,NA,NA,NA,NA,NA,NA,NA,NA,NA,19.4,10.31,112.1,137.8,154.3,8.09,NA,NA,NA,NA,NA,NA,NA,NA,NA,NA,NA,NA,NA,NA,NA,NA,NA,NA,NA,NA,NA,NA,NA,NA,NA,NA,NA,NA,NA,NA,NA,NA,NA,NA,NA,NA,NA,NA,NA,NA,NA,NA,NA,NA,NA,NA,NA,NA,13,0,6,0,1,0,0,0,0,3.25,0,1.5,0,0.25,0,0,0,0,51.25,0,110.25,0,0.75,0,0,0,0,205,NA,441,NA,3,NA,NA,NA,NA,NA,NA,139.166666666667,NA,13.8,NA,NA,NA,NA,205,NA,73.5,NA,3,NA,NA,NA,NA,13,NA,6,NA,1,NA,NA,NA,NA,205,NA,441,NA,3,NA,NA,NA,NA,4,NA,4,NA,4,NA,NA,NA,NA,NA,NA,90,NA,13.8,NA,NA,NA,NA,NA,NA,180,NA,13.8,NA,NA,NA,NA,205,NA,17,NA,3,NA,NA,NA,NA,205,NA,139,NA,3,NA,NA,NA,NA,3,7,1,0,1,0,0,1,0,0,0,0,NA,NA,NA,NA,NA,NA,0.487411071934617,18,"18_3",2025-11-10,"11:34:00",2025,"Nov",10,"Spring",1762774440,"3 Spring","Sandy",0
21,19,"3","21_3","19_3","Rotoiti","Reference",54730,-38.01677,176.421,150,"Rocky",2025-11-10 12:16:00,"Cloudy",3.5,0,0,NA,142.695643156613,187.90193049333,187.539175274033,0.106644384943977,NA,21,NA,NA,NA,NA,NA,NA,NA,NA,NA,NA,NA,NA,NA,NA,NA,NA,NA,NA,19.3,9.96,108.1,136.1,152.6,8.2,NA,NA,NA,NA,NA,NA,NA,NA,NA,NA,NA,NA,NA,NA,NA,NA,NA,NA,NA,NA,NA,NA,NA,NA,NA,NA,NA,NA,NA,NA,NA,NA,NA,NA,NA,NA,NA,NA,NA,NA,NA,NA,NA,NA,NA,NA,NA,NA,1,0,3,0,17,0,0,0,0,0.25,0,0.75,0,4.25,0,0,0,0,595.25,73.25,102,0,114.5,0,0,0,0,2381,293,408,NA,458,NA,NA,NA,NA,NA,NA,183.333333333333,NA,32.1495,NA,NA,NA,NA,595.25,293,136,NA,25.6666666666667,NA,NA,NA,NA,1,0,3,NA,17,NA,NA,NA,NA,2381,293,408,NA,458,NA,NA,NA,NA,4,4,4,NA,4,NA,NA,NA,NA,NA,NA,160,NA,21.45,NA,NA,NA,NA,NA,NA,230,NA,39.53,NA,NA,NA,NA,360,293,98,NA,10,NA,NA,NA,NA,707,293,205,NA,41,NA,NA,NA,NA,3,20,1,0,1,1,0,1,0,0,0,0,NA,NA,NA,NA,NA,NA,0.0350396122081481,19,"19_3",2025-11-10,"12:16:00",2025,"Nov",10,"Spring",1762776960,"3 Spring","Sandy",0
22,20,"3","22_3","20_3","Rotoiti","Reference",54730,-38.0170202210521,176.420489675691,150,"Rocky",2025-11-10 12:16:00,"Cloudy",3.5,0,0,NA,112.652050534812,153.52894194799,153.452603021804,0.130333403319057,NA,22,NA,NA,NA,NA,NA,NA,NA,NA,NA,NA,NA,NA,NA,NA,NA,NA,NA,NA,19.3,9.96,108.1,136.1,152.6,8.2,NA,NA,NA,NA,NA,NA,NA,NA,NA,NA,NA,NA,NA,NA,NA,NA,NA,NA,NA,NA,NA,NA,NA,NA,NA,NA,NA,NA,NA,NA,NA,NA,NA,NA,NA,NA,NA,NA,NA,NA,NA,NA,NA,NA,NA,NA,NA,NA,3,0,0,1,45,0,0,0,0,0.75,0,0,0.25,11.25,0,0,0,0,883.5,173.75,0,22.5,280.75,0,0,0,0,3534,695,NA,90,1123,NA,NA,NA,NA,NA,NA,NA,175,32.1286175115207,NA,NA,NA,NA,706.8,695,NA,90,25.3790322580645,NA,NA,NA,NA,3,0,NA,1,45,NA,NA,NA,NA,3534,695,NA,90,1123,NA,NA,NA,NA,4,4,NA,4,4,NA,NA,NA,NA,NA,NA,NA,175,21.35,NA,NA,NA,NA,NA,NA,NA,175,46.32,NA,NA,NA,NA,664,695,NA,90,8,NA,NA,NA,NA,730,695,NA,90,59,NA,NA,NA,NA,3,46,1,0,0,1,1,1,0,0,0,0,NA,NA,NA,NA,NA,NA,0.0443844561751221,20,"20_3",2025-11-10,"12:16:00",2025,"Nov",10,"Spring",1762776960,"3 Spring","Sandy",0
